1341845820.751833 0.000000000 0.000000000 0.000000000 0.000000000 0.000000000 0.000000000 1.000000000
1341845820.787768 0.001730125 -0.003241699 0.002680528 -0.000164168 -0.001419007 -0.002320517 0.999996305
1341845820.819654 0.004947063 -0.001009446 -0.000340067 0.000664231 -0.001446137 -0.003990096 0.999990761
1341845820.851997 0.006331959 0.000971936 -0.001101289 0.000904209 -0.001255551 -0.004693091 0.999987781
1341845820.887882 0.005020027 0.001644029 -0.004265052 0.001186217 -0.001031591 -0.005910240 0.999981284
1341845820.920082 0.002051329 0.003790850 -0.004671317 0.000611469 -0.000781394 -0.006155905 0.999980569
1341845820.955790 -0.000673969 0.005513976 -0.005633048 -0.000622672 -0.001270788 -0.006735179 0.999976337
1341845820.987817 0.001876654 -0.000130606 -0.002614636 -0.001965311 -0.001929097 -0.007133435 0.999970794
1341845821.019783 0.000627023 0.001546773 -0.001438448 -0.001841974 -0.001925495 -0.007001677 0.999971986
1341845821.055706 -0.001972114 -0.000563075 -0.003666631 -0.001612434 -0.002143516 -0.005857753 0.999979258
1341845821.087831 -0.002722861 -0.001864765 -0.002158950 -0.000735143 -0.003545834 -0.003420155 0.999987602
1341845821.119871 0.008189634 -0.006174636 -0.004938680 0.000618519 -0.004060423 -0.002452563 0.999988556
1341845821.155881 0.007347847 0.001039708 -0.003858384 0.001653499 -0.001036718 -0.000904642 0.999997675
1341845821.188556 0.001651244 -0.002158061 0.002235900 0.001085975 0.001591353 0.001201888 0.999997437
1341845821.223751 0.005745086 -0.014434533 -0.003371270 0.002407208 0.001563854 0.003197630 0.999990761
1341845821.256005 0.011250488 0.001788426 -0.001258826 0.005453396 0.002154440 0.003042171 0.999978185
1341845821.287883 0.008811525 -0.000410688 0.000009751 0.003456262 0.005190304 0.001515986 0.999979436
1341845821.323879 0.011173003 -0.003492403 0.001708414 0.003691195 0.007041744 0.000507734 0.999968290
1341845821.355690 0.005559228 -0.003153719 -0.002621516 0.004080696 0.010129434 0.000177363 0.999940336
1341845821.388161 0.010811470 0.000593561 -0.001429019 0.004717109 0.009641833 0.002290780 0.999939740
1341845821.424470 0.011775964 -0.008082166 -0.002107364 0.005481551 0.011208553 0.002747665 0.999918342
1341845821.455778 0.009111993 -0.001956573 -0.001029750 0.006518720 0.014040889 0.001566035 0.999878943
1341845821.488014 0.009432322 -0.001526666 -0.001783135 0.006708950 0.014917894 0.002740504 0.999862432
1341845821.524370 0.007690015 -0.008052791 -0.000570391 0.007566526 0.015995847 0.002547313 0.999840140
1341845821.555644 0.004418258 0.003353823 -0.001064508 0.010974444 0.017841801 0.002700705 0.999776959
1341845821.587677 0.003752620 -0.001678560 -0.002398731 0.009897157 0.017740954 0.001716616 0.999792159
1341845821.623761 0.005337882 0.001097762 -0.001159699 0.009872953 0.016564710 0.001147558 0.999813378
1341845821.655725 0.005852412 0.000490214 -0.003033034 0.009683935 0.016442738 0.000141394 0.999817908
1341845821.691884 0.007369109 0.007601604 0.000209545 0.009413486 0.016065104 -0.000135803 0.999826610
1341845821.724228 0.001776817 -0.003466895 -0.002890276 0.007811813 0.016176520 0.000437627 0.999838531
1341845821.755681 0.001567562 0.000612671 0.001604195 0.009593591 0.014822266 0.000745612 0.999843836
1341845821.791636 0.004223808 -0.003222127 -0.004806574 0.009977145 0.013937199 0.000957203 0.999852598
1341845821.823697 0.007676426 0.001388648 -0.004694284 0.011344983 0.014140015 -0.000832980 0.999835312
1341845821.855574 0.008426445 0.003166359 -0.003787609 0.010441567 0.014953550 -0.001009866 0.999833167
1341845821.891741 0.002152253 -0.003789851 -0.007661033 0.010239831 0.015406989 -0.002134637 0.999826610
1341845821.923730 -0.001821783 -0.010679498 -0.005019872 0.010838992 0.016067982 -0.003142271 0.999807239
1341845821.955750 -0.000060512 -0.006489711 -0.005001446 0.012003418 0.016181117 -0.001739359 0.999795556
1341845821.991786 -0.000640227 -0.007718138 -0.008943176 0.011160845 0.016770940 -0.003079120 0.999792337
1341845822.023863 -0.004574639 -0.005516808 -0.004204327 0.011639717 0.017477827 -0.003583972 0.999773085
1341845822.059759 -0.004693884 -0.000110941 -0.003686104 0.012254232 0.017376561 -0.002812971 0.999769986
1341845822.091719 -0.006333995 -0.007896364 -0.003634080 0.011248686 0.017752750 -0.003154013 0.999774158
1341845822.123689 -0.001046957 -0.011175619 -0.006833084 0.012669895 0.017967796 -0.003134255 0.999753416
1341845822.185916 -0.015432215 -0.011231969 -0.002565859 0.011552114 0.019526970 -0.002497854 0.999739468
1341845822.221838 -0.012088981 -0.008780846 -0.000544441 0.013782546 0.017069599 -0.001583102 0.999758065
1341845822.254004 -0.017598180 -0.002945732 -0.004625303 0.013942185 0.016958103 -0.001854981 0.999757290
1341845822.289876 -0.019931085 -0.009770525 -0.003486880 0.012081657 0.016216267 -0.003157631 0.999790549
1341845822.321804 -0.025136033 -0.010155769 -0.002875059 0.013274224 0.016513783 -0.004266241 0.999766469
1341845822.353784 -0.027959248 -0.014628016 -0.001817701 0.013216753 0.016735921 -0.005799289 0.999755800
1341845822.391662 -0.031871747 -0.011286247 0.000378243 0.014732626 0.017351873 -0.004198520 0.999732077
1341845822.428074 -0.036088068 -0.006137900 -0.002293054 0.015990352 0.017227540 -0.003820920 0.999716401
1341845822.459970 -0.041209504 -0.005703552 -0.000263440 0.015233707 0.016894935 -0.004354773 0.999731719
1341845822.495728 -0.044225540 -0.008115502 0.003959153 0.015145920 0.016327748 -0.004017092 0.999743879
1341845822.527724 -0.047019929 -0.007886959 0.007348933 0.015087568 0.015599682 -0.004072650 0.999756157
1341845822.559648 -0.053125497 -0.010827791 0.003483742 0.013420908 0.015221477 -0.003940524 0.999786317
1341845822.595852 -0.053256549 -0.007570186 0.001126944 0.014086632 0.014825822 -0.003725630 0.999783933
1341845822.627724 -0.061576232 -0.005296944 0.000165387 0.013437106 0.015983583 -0.003881156 0.999774456
1341845822.663716 -0.072776109 -0.024523877 0.010028389 0.010418133 0.015667956 -0.000105422 0.999822974
1341845822.695601 -0.070305809 -0.020271938 0.005909762 0.016009964 0.012208031 0.003398265 0.999791563
1341845822.731816 -0.073437773 -0.013461975 0.005293186 0.018948298 0.012020611 0.003961025 0.999740362
1341845822.789911 -0.079377271 -0.015581680 -0.001916073 0.019449022 0.013007656 0.004025651 0.999718130
1341845822.825897 -0.082580462 -0.017273042 0.003654768 0.018351180 0.013681842 0.004958243 0.999725699
1341845822.859721 -0.091705829 -0.018412668 0.008328519 0.019594550 0.013788288 0.006277582 0.999693215
1341845822.889712 -0.096531138 -0.024530221 0.004209346 0.020800462 0.012446150 0.008526654 0.999669850
1341845822.925900 -0.096399352 -0.023594219 -0.001772523 0.021880301 0.011209064 0.007574872 0.999669075
1341845822.957708 -0.100448236 -0.024831802 0.004210315 0.021915020 0.012222919 0.004866749 0.999673307
1341845822.989939 -0.108582750 -0.028015235 0.004510534 0.022710968 0.013264071 0.004004623 0.999646068
1341845823.025889 -0.106696516 -0.026373517 0.010021414 0.025163718 0.012339077 0.004772678 0.999595821
1341845823.057775 -0.105835430 -0.022603618 0.011047573 0.027153021 0.013439691 0.004418265 0.999531209
1341845823.093671 -0.113282755 -0.023071999 0.011035396 0.028354850 0.016714936 0.004193453 0.999449372
1341845823.125951 -0.118161038 -0.018086080 0.013423181 0.029749053 0.017592125 0.004982199 0.999390185
1341845823.157773 -0.122645952 -0.021686109 0.015015420 0.029986447 0.019259622 0.005716091 0.999348402
1341845823.193885 -0.124031626 -0.012320716 0.014145504 0.031570744 0.018801114 0.005968109 0.999306858
1341845823.225800 -0.129958123 -0.016247135 0.013285009 0.029083939 0.018014269 0.005281273 0.999400675
1341845823.261842 -0.135384783 -0.021972081 0.012977738 0.027909687 0.017364329 0.004132633 0.999451101
1341845823.293622 -0.129403070 -0.009938020 0.006568793 0.028224142 0.016457314 0.003514318 0.999459982
1341845823.325746 -0.140925378 -0.021421291 0.004825632 0.023362519 0.020096870 0.001927027 0.999523163
1341845823.361852 -0.139438808 -0.025696598 0.012556223 0.023216952 0.022850115 0.002809736 0.999465346
1341845823.394013 -0.143226594 -0.024863016 0.019832859 0.025683368 0.025588771 0.005934832 0.999324918
1341845823.426028 -0.156021684 -0.023797868 0.022451418 0.027258612 0.027967907 0.009890126 0.999188125
1341845823.461869 -0.160731256 -0.026092980 0.016212968 0.027875027 0.027653782 0.010861457 0.999169767
1341845823.493758 -0.158001065 -0.021791702 0.014765909 0.028949803 0.027738458 0.011336643 0.999131620
1341845823.529780 -0.166096300 -0.021507068 0.014572272 0.029221298 0.030100090 0.012161306 0.999045670
1341845823.561916 -0.180756494 -0.026496666 0.008217988 0.028816001 0.030537281 0.012786091 0.999036372
1341845823.593678 -0.181486785 -0.029640991 0.009378349 0.028677719 0.026826119 0.013988188 0.999130785
1341845823.629815 -0.176837444 -0.030617245 0.013092799 0.028378630 0.025949100 0.013716136 0.999166250
1341845823.661750 -0.189208150 -0.029917678 0.016244015 0.027960254 0.028463289 0.012854811 0.999121070
1341845823.695523 -0.201844156 -0.045969110 0.017125906 0.027688518 0.027291795 0.013994682 0.999145985
1341845823.729635 -0.201244742 -0.046335313 0.018927427 0.031813748 0.023798589 0.015564803 0.999089241
1341845823.761810 -0.208525330 -0.043174587 0.015193750 0.034483094 0.022432229 0.016227238 0.999021769
1341845823.797871 -0.217067003 -0.042588923 0.014471783 0.034947783 0.019750299 0.015710331 0.999070525
1341845823.829660 -0.219876319 -0.044095468 0.018600719 0.034241173 0.016553659 0.013375950 0.999186993
1341845823.861808 -0.228268251 -0.048085880 0.021875296 0.034618400 0.013620936 0.011723761 0.999239087
1341845823.929826 -0.237764820 -0.048899744 0.015923865 0.034587454 0.006732954 0.008376795 0.999343872
1341845823.961797 -0.240179077 -0.046125919 0.012568160 0.033502180 0.006023060 0.005138334 0.999407291
1341845823.998070 -0.246516019 -0.052890088 0.017319433 0.031493034 0.005828880 0.002138036 0.999484658
1341845824.029656 -0.248759136 -0.049047317 0.017868550 0.032895111 0.005603715 0.003395304 0.999437332
1341845824.065768 -0.248637646 -0.048953522 0.013455548 0.032764543 0.006931890 0.005514654 0.999423862
1341845824.097956 -0.249110818 -0.048207041 0.009341395 0.031687386 0.010580042 0.004908544 0.999429822
1341845824.130299 -0.234056428 -0.047686618 -0.020830825 0.027002120 0.022680564 0.004887315 0.999366105
1341845824.165751 -0.262192070 -0.039370302 -0.001844868 0.022215463 0.042115226 0.004750672 0.998854458
1341845824.197930 -0.268326283 -0.058368433 0.010789892 0.017919775 0.045317341 0.006876341 0.998788238
1341845824.229907 -0.287896782 -0.067177244 0.028488424 0.021251306 0.047808170 0.004530775 0.998620152
1341845824.265800 -0.308370829 -0.067133486 0.009449679 0.024373094 0.044850484 0.006312894 0.998676419
1341845824.298080 -0.311282635 -0.068833679 0.011823155 0.025444593 0.037115511 0.007293590 0.998960376
1341845824.333783 -0.292749614 -0.069697894 0.028664671 0.027900089 0.031066004 0.005814112 0.999110937
1341845824.365821 -0.290386528 -0.064802997 0.015339267 0.030622788 0.031452172 0.005888997 0.999018669
1341845824.398039 -0.305259407 -0.063524947 0.007682541 0.030291656 0.031732280 0.004682682 0.999026299
1341845824.433843 -0.316100597 -0.074332185 0.001141778 0.028579673 0.028629681 0.005539208 0.999166071
1341845824.465921 -0.315852404 -0.076174803 0.005089229 0.029833905 0.024468176 0.009196312 0.999213040
1341845824.501802 -0.317193478 -0.066442780 -0.001022059 0.030722067 0.022220880 0.014358029 0.999177814
1341845824.533723 -0.322480232 -0.063831896 -0.000142870 0.028997324 0.020023294 0.018505245 0.999207556
1341845824.565735 -0.327823639 -0.064433083 0.007198802 0.027009238 0.017361199 0.021750472 0.999247730
1341845824.601758 -0.334016979 -0.066381052 0.011073408 0.026340300 0.015476822 0.025090709 0.999218225
1341845824.633861 -0.340109676 -0.065108061 0.004837815 0.025933078 0.013979034 0.028295903 0.999165356
1341845824.665789 -0.347827941 -0.068510167 0.006151691 0.025261573 0.012522683 0.031616975 0.999102294
1341845824.701769 -0.356772214 -0.069468185 0.010427102 0.025739590 0.010000082 0.034293670 0.999030232
1341845824.733585 -0.356137425 -0.070036262 0.007979453 0.026955606 0.007010187 0.035757307 0.998972297
1341845824.769643 -0.364709228 -0.061614554 -0.002386983 0.026527600 0.006645919 0.036837418 0.998947024
1341845824.801632 -0.374087453 -0.066246308 -0.000124451 0.022180906 0.003875352 0.036642693 0.999074757
1341845824.833654 -0.376597375 -0.077314056 0.015283449 0.022448197 0.001004974 0.035194881 0.999127805
1341845824.869926 -0.381656319 -0.073163606 0.014094851 0.026647791 0.001257091 0.036251448 0.998986602
1341845824.902071 -0.387224823 -0.065222763 0.007476992 0.026620569 0.000496500 0.036557361 0.998976827
1341845824.933752 -0.388459921 -0.074643955 0.010525244 0.025863241 0.000163563 0.033509094 0.999103725
1341845824.969855 -0.387435466 -0.067090407 0.004796797 0.027089633 0.001017648 0.032398269 0.999107301
1341845825.001907 -0.393847257 -0.067602888 0.004081944 0.025441103 0.004228193 0.031665597 0.999165773
1341845825.037975 -0.400179684 -0.072445035 0.008787596 0.024379430 0.007715677 0.030048277 0.999221325
1341845825.075793 -0.414137423 -0.087281980 0.007858277 0.025548857 0.007969510 0.031723455 0.999138296
1341845825.107881 -0.413157403 -0.092917405 -0.006232344 0.030583395 0.007074473 0.035097323 0.998890758
1341845825.143675 -0.412488639 -0.082711965 -0.004988076 0.034753192 0.008525319 0.033424158 0.998800457
1341845825.175707 -0.419145226 -0.082643583 0.004768082 0.035232160 0.010616993 0.029364865 0.998891234
1341845825.211865 -0.421356887 -0.082798190 0.001533928 0.036529094 0.010753721 0.029223423 0.998847306
1341845825.243814 -0.421288222 -0.092402354 -0.002338044 0.037515841 0.012126912 0.030260511 0.998764157
1341845825.275795 -0.431972623 -0.086715207 -0.001596142 0.040699046 0.014283465 0.030688753 0.998597920
1341845825.311665 -0.443770319 -0.086582966 0.000142601 0.041318905 0.013756207 0.031051809 0.998568654
1341845825.343650 -0.443131924 -0.079485148 0.000711438 0.042065214 0.011482392 0.033021510 0.998503029
1341845825.379771 -0.450834036 -0.081044547 0.013956748 0.039537795 0.011796541 0.033089850 0.998600364
1341845825.411924 -0.458392531 -0.086450361 0.001485498 0.039835006 0.010777203 0.034986891 0.998535395
1341845825.443786 -0.469905972 -0.074416749 -0.011135987 0.037918352 0.009556734 0.035752740 0.998595297
1341845825.480278 -0.481807739 -0.083684668 0.013275658 0.033542037 0.005544606 0.038274061 0.998688757
1341845825.511636 -0.478481829 -0.076372944 0.014312842 0.032723334 0.001409224 0.039786480 0.998671234
1341845825.547911 -0.483346820 -0.075672098 0.017611299 0.030491805 -0.000480386 0.041002095 0.998693526
1341845825.579744 -0.479299277 -0.079130657 0.018503783 0.029326262 -0.002387578 0.044724841 0.998565912
1341845825.611784 -0.482930094 -0.083906956 0.013352406 0.030640738 -0.003530288 0.048194975 0.998361588
1341845825.648004 -0.479917437 -0.079607449 0.021023981 0.031877674 -0.004202418 0.046304677 0.998409748
1341845825.679708 -0.491821289 -0.083680540 0.017969595 0.033106878 -0.000963981 0.046027377 0.998390913
1341845825.711937 -0.496728152 -0.080439456 0.011818600 0.033858113 -0.003616253 0.046224888 0.998350501
1341845825.747617 -0.499968946 -0.078561142 0.002357504 0.032454956 -0.005816607 0.043895468 0.998491824
1341845825.779688 -0.511139154 -0.077668115 0.009560874 0.029899076 -0.007377433 0.041183732 0.998676836
1341845825.815954 -0.506941438 -0.076451294 0.013812632 0.027533669 -0.010445544 0.037783787 0.998851895
1341845825.847829 -0.513337195 -0.078603745 0.010761140 0.025501240 -0.011026588 0.035724774 0.998975396
1341845825.879767 -0.521749198 -0.082998723 0.008607976 0.024456402 -0.013429865 0.036638852 0.998938978
1341845825.915646 -0.518243372 -0.076460749 0.019078227 0.025308384 -0.015383639 0.037489541 0.998858035
1341845825.947881 -0.528037727 -0.077340536 0.012093908 0.024507510 -0.014342101 0.037904236 0.998877823
1341845825.979700 -0.532524347 -0.076034918 0.013124377 0.024145940 -0.015789500 0.041316040 0.998729467
1341845826.015845 -0.533228397 -0.076102965 0.009364990 0.023915924 -0.017034817 0.042573333 0.998661757
1341845826.047945 -0.532479644 -0.079269335 0.011932629 0.023249028 -0.017438587 0.042441763 0.998676181
1341845826.079731 -0.541073442 -0.081872799 0.010223594 0.024334623 -0.017827095 0.044980071 0.998532295
1341845826.115655 -0.535548925 -0.078480996 0.010228817 0.024291189 -0.020604376 0.045330644 0.998464048
1341845826.147949 -0.536482155 -0.078448758 0.004013638 0.024926985 -0.019954173 0.040527534 0.998668075
1341845826.183767 -0.546208441 -0.079431489 0.001391075 0.023451269 -0.018934552 0.035915997 0.998900115
1341845826.215780 -0.546523392 -0.077860467 0.002884304 0.022177516 -0.020213716 0.035390377 0.998922944
1341845826.247732 -0.549021721 -0.077581085 0.002522588 0.022121167 -0.020959305 0.039679240 0.998747647
1341845826.283763 -0.555980027 -0.081250794 -0.004266304 0.020818219 -0.022747358 0.044716042 0.998523712
1341845826.315658 -0.551927745 -0.079028867 0.006348015 0.020963300 -0.026759561 0.046211481 0.998353124
1341845826.347773 -0.553654730 -0.077027552 0.000559432 0.020161675 -0.028304685 0.046296820 0.998323023
1341845826.383718 -0.556576371 -0.081797309 -0.000030196 0.018474868 -0.030800868 0.046903290 0.998253465
1341845826.415712 -0.557612896 -0.088614762 0.001978327 0.017856961 -0.033400554 0.049301058 0.998065591
1341845826.447806 -0.559901237 -0.087341540 0.000902195 0.019194148 -0.035506397 0.048523102 0.998006165
1341845826.483677 -0.559558094 -0.080875836 -0.002390514 0.019453235 -0.036043964 0.047710389 0.998021066
1341845826.515677 -0.561799407 -0.083935276 -0.005410641 0.018849546 -0.037351508 0.051382106 0.997802258
1341845826.551684 -0.558422923 -0.079992406 -0.004395838 0.018175259 -0.037966136 0.049522374 0.997885644
1341845826.583716 -0.567322433 -0.082663305 -0.008912321 0.016202409 -0.036350857 0.047758136 0.998065710
1341845826.615875 -0.567206919 -0.083065316 -0.002475116 0.014830516 -0.039661530 0.051566549 0.997771442
1341845826.651722 -0.564928234 -0.081661902 -0.002687158 0.015023808 -0.040398672 0.054454409 0.997585535
1341845826.683753 -0.567065358 -0.078555793 -0.010646426 0.012482829 -0.040671676 0.053412948 0.997665763
1341845826.715643 -0.569005013 -0.077013120 -0.009144844 0.008766511 -0.041374408 0.048748981 0.997915208
1341845826.751884 -0.566447139 -0.073444925 -0.006194727 0.005365652 -0.041217525 0.050995745 0.997833490
1341845826.783713 -0.569616795 -0.072715223 -0.004205640 0.002132512 -0.042114671 0.052913669 0.997708321
1341845826.819713 -0.559690177 -0.057245523 -0.006809590 -0.000042132 -0.041388728 0.048686761 0.997956157
1341845826.851701 -0.574494779 -0.060661700 -0.000589607 -0.005276454 -0.036561958 0.047726706 0.998177111
1341845826.884460 -0.569958389 -0.067807592 0.002896923 -0.007166717 -0.038867667 0.054619383 0.997724712
1341845826.945792 -0.582949579 -0.054399110 -0.015567269 -0.017548358 -0.030009551 0.044614587 0.998399198
1341845826.981873 -0.572392046 -0.060970590 0.009368384 -0.021865247 -0.033211377 0.051838819 0.997863531
1341845827.013745 -0.564785063 -0.043555893 0.006502863 -0.021073947 -0.034468662 0.056335714 0.997594118
1341845827.045694 -0.573182404 -0.035494369 -0.014395265 -0.026174678 -0.028602023 0.053044681 0.997839153
1341845827.082458 -0.577938378 -0.049729813 0.011808115 -0.036203414 -0.025082033 0.053381778 0.997602403
1341845827.113645 -0.566762567 -0.058051236 0.027349120 -0.037646018 -0.029376740 0.058715016 0.997132063
1341845827.145773 -0.563067079 -0.045038849 -0.005694396 -0.036997486 -0.028395910 0.058603909 0.997191250
1341845827.182474 -0.568032682 -0.050766490 0.009413043 -0.042426795 -0.024083536 0.052001730 0.997454643
1341845827.213974 -0.564276755 -0.054978203 0.028750751 -0.042350534 -0.024516754 0.052816585 0.997404516
1341845827.251751 -0.560516357 -0.045246117 0.034229565 -0.038057875 -0.024838081 0.055681862 0.997413754
1341845827.313888 -0.557590008 -0.050861321 0.031170942 -0.048384584 -0.017986629 0.052878641 0.997265875
1341845827.349700 -0.557653368 -0.051362831 0.036935177 -0.043337904 -0.020912491 0.060746368 0.996992648
1341845827.381963 -0.554800808 -0.042363171 0.036113717 -0.041770324 -0.020686254 0.057650357 0.997248054
1341845827.413850 -0.552835763 -0.043285478 0.034310535 -0.043434639 -0.018430127 0.053265940 0.997465014
1341845827.449725 -0.555945098 -0.050579559 0.036207333 -0.042830452 -0.018032039 0.051583011 0.997586906
1341845827.488394 -0.554541826 -0.053957786 0.039843041 -0.040090423 -0.020111792 0.054821130 0.997488320
1341845827.555964 -0.552810669 -0.047562361 0.029642906 -0.037433147 -0.017997399 0.051199019 0.997824430
1341845827.623688 -0.542618155 -0.049504533 0.036414661 -0.033976655 -0.019140247 0.055201199 0.997713447
1341845827.656212 -0.540987968 -0.041745525 0.026861588 -0.033804085 -0.018496940 0.052646257 0.997869492
1341845827.687624 -0.531892896 -0.042089421 0.038821511 -0.038519166 -0.016862201 0.045170542 0.998093963
1341845827.723697 -0.534323812 -0.051409580 0.038772136 -0.038031172 -0.013973859 0.047790442 0.998035312
1341845827.755778 -0.529846847 -0.047143284 0.043406550 -0.035751168 -0.013556376 0.051663343 0.997932315
1341845827.791657 -0.521801829 -0.042005993 0.046375208 -0.035345476 -0.011410795 0.050619099 0.998027146
1341845827.823845 -0.524244964 -0.047543846 0.047568128 -0.036334839 -0.007117519 0.049800441 0.998072624
1341845827.855606 -0.523274064 -0.049977060 0.047398645 -0.034372054 -0.005934922 0.051406421 0.998068511
1341845827.891685 -0.521301448 -0.052627195 0.049351983 -0.031258363 -0.003285958 0.052096814 0.998147309
1341845827.923824 -0.506036401 -0.045882374 0.043828335 -0.030701846 0.000092966 0.052086711 0.998170495
1341845827.959777 -0.506681502 -0.051340163 0.055847656 -0.030777106 0.003251738 0.052305993 0.998151422
1341845827.991672 -0.499862075 -0.044414755 0.048878912 -0.028607931 0.005411770 0.054026861 0.998114944
1341845828.023726 -0.487449229 -0.039166316 0.049278747 -0.029730838 0.008461153 0.053769033 0.998074830
1341845828.059622 -0.486303359 -0.045871481 0.051007058 -0.031317893 0.012014593 0.054199640 0.997966528
1341845828.091720 -0.484162122 -0.043633420 0.051481850 -0.030820001 0.014107664 0.054269761 0.997950852
1341845828.127612 -0.479663730 -0.038752601 0.055114783 -0.030490285 0.015395199 0.055496197 0.997874439
1341845828.159638 -0.473624170 -0.039279215 0.053612180 -0.031826686 0.017101020 0.054345921 0.997868299
1341845828.191711 -0.471210361 -0.045405880 0.056523491 -0.032431129 0.019883320 0.052704148 0.997885346
1341845828.227644 -0.466420203 -0.040941615 0.053050458 -0.030747814 0.021045046 0.053451173 0.997875094
1341845828.259785 -0.463015735 -0.040957082 0.055055909 -0.030326976 0.023674889 0.056613825 0.997654617
1341845828.291687 -0.455237746 -0.043770261 0.057429545 -0.029241681 0.024836022 0.058618668 0.997542918
1341845828.327803 -0.451550424 -0.037244916 0.056672074 -0.027909737 0.026304055 0.057945631 0.997582793
1341845828.359694 -0.449366093 -0.038309913 0.057429355 -0.029105790 0.028218098 0.057963770 0.997495234
1341845828.395928 -0.444399834 -0.039973520 0.057419490 -0.029018620 0.030695029 0.059160396 0.997354388
1341845828.427803 -0.438094884 -0.037249129 0.062451612 -0.028644517 0.031835098 0.059179489 0.997328341
1341845828.459660 -0.433674395 -0.037591554 0.064984970 -0.028481835 0.032879062 0.058601320 0.997333288
1341845828.495761 -0.427646607 -0.036693692 0.059698783 -0.027423227 0.034985047 0.060491703 0.997178376
1341845828.527686 -0.429326892 -0.033428125 0.059139900 -0.029062815 0.037130307 0.059289396 0.997126579
1341845828.595750 -0.416619837 -0.034423381 0.061526287 -0.029594667 0.038725045 0.058653943 0.997087836
1341845828.654055 -0.400727481 -0.037583206 0.067591436 -0.032155465 0.041245066 0.059950341 0.996830404
1341845828.689681 -0.399051666 -0.032333657 0.065916166 -0.030349484 0.042741891 0.060642559 0.996782064
1341845828.721870 -0.400422722 -0.030583534 0.061066154 -0.030640578 0.043226320 0.060348488 0.996770144
1341845828.757706 -0.390697777 -0.032990288 0.067269877 -0.031401940 0.043407559 0.062397238 0.996612430
1341845828.789650 -0.394913435 -0.034134034 0.066028751 -0.030835843 0.044652894 0.065799534 0.996356189
1341845828.821914 -0.387043536 -0.029574655 0.057132524 -0.030089436 0.042686127 0.068213917 0.996302843
1341845828.857781 -0.381611288 -0.027294181 0.070666313 -0.030723335 0.041996159 0.069108769 0.996251166
1341845828.889770 -0.380673170 -0.029222503 0.071469314 -0.030958412 0.042210467 0.070192665 0.996159017
1341845828.931671 -0.377776921 -0.027840085 0.067500718 -0.030721767 0.040877588 0.069832586 0.996247232
1341845828.989696 -0.366004765 -0.024113886 0.071571939 -0.028570421 0.037597783 0.068204939 0.996553183
1341845829.025626 -0.361284912 -0.024142928 0.062889792 -0.028683173 0.036410972 0.067173623 0.996664047
1341845829.063840 -0.353000760 -0.023019975 0.062658265 -0.029466361 0.035910327 0.064983755 0.996804535
1341845829.089737 -0.349000543 -0.020591306 0.062641196 -0.029277246 0.036503106 0.065679274 0.996742964
1341845829.125754 -0.340816230 -0.023147276 0.064534053 -0.029951129 0.035811841 0.065697782 0.996746778
1341845829.158048 -0.329280406 -0.019440435 0.065010808 -0.029053275 0.036251023 0.064273313 0.996850371
1341845829.193669 -0.330229521 -0.024037410 0.067024149 -0.027648471 0.038483009 0.065898344 0.996700644
1341845829.225742 -0.328274459 -0.022316754 0.064855933 -0.023913044 0.038366918 0.068253227 0.996643186
1341845829.257763 -0.321935058 -0.024649238 0.062469330 -0.021311507 0.037348989 0.068438843 0.996728182
1341845829.293851 -0.317499131 -0.023493338 0.060111094 -0.019061090 0.037028715 0.067800410 0.996829271
1341845829.325861 -0.309123009 -0.026406685 0.056633741 -0.017350910 0.035398569 0.067648955 0.996930063
1341845829.357901 -0.306882530 -0.030262161 0.052906305 -0.014286293 0.033293683 0.067144029 0.997085333
1341845829.393704 -0.296424747 -0.024420887 0.057270776 -0.011791193 0.031225588 0.065475367 0.997295797
1341845829.425831 -0.293448716 -0.021427782 0.048819516 -0.011629605 0.029873181 0.063367404 0.997475266
1341845829.461720 -0.289934665 -0.028916981 0.048291728 -0.012510185 0.028355945 0.063657790 0.997490406
1341845829.493662 -0.282870740 -0.033812042 0.043501519 -0.007150295 0.025872318 0.065866314 0.997467339
1341845829.525846 -0.274302095 -0.018043961 0.050137203 -0.004804641 0.022838486 0.065743968 0.997563601
1341845829.561864 -0.270691156 -0.015552680 0.052659642 -0.007118044 0.023415286 0.061921101 0.997780979
1341845829.593763 -0.265796453 -0.022694319 0.056697894 -0.009164836 0.024372587 0.060974203 0.997799635
1341845829.625785 -0.263679802 -0.032021765 0.052059364 -0.004843678 0.023478247 0.064662255 0.997619212
1341845829.661787 -0.253466904 -0.017473646 0.042570695 -0.001080781 0.020177208 0.063972577 0.997747064
1341845829.693835 -0.238545448 -0.003279358 0.055123519 -0.002748873 0.020746345 0.060202058 0.997966826
1341845829.729747 -0.244143784 -0.018445501 0.045028068 -0.006960095 0.022962678 0.056321442 0.998124361
1341845829.761817 -0.260489464 -0.027917702 0.048624497 -0.003938076 0.020539865 0.053425826 0.998352766
1341845829.793840 -0.232605532 -0.018126875 0.051315684 0.000006198 0.012285230 0.054737225 0.998425245
1341845829.829803 -0.225262865 -0.013799077 0.044837691 0.000859924 0.012866972 0.050950076 0.998617947
1341845829.861640 -0.239358827 -0.013971668 0.035452645 -0.000398041 0.012615341 0.048812062 0.998728275
1341845829.897840 -0.223571852 -0.022438316 0.053127516 0.000422958 0.005869757 0.050357852 0.998713911
1341845829.929703 -0.205771118 -0.011513670 0.044348031 0.004876568 0.004796835 0.052326962 0.998606563
1341845829.962023 -0.213307783 -0.009550376 0.039897174 0.003289830 0.007268815 0.052777100 0.998574495
1341845829.997954 -0.209171847 -0.031708144 0.046056811 0.003078050 0.003205074 0.054860089 0.998484194
1341845830.029819 -0.192565799 -0.020247143 0.044767894 0.010896119 0.001312601 0.054522201 0.998452246
1341845830.061836 -0.199922070 -0.004789411 0.039301492 0.012542348 0.004097052 0.054768313 0.998411953
1341845830.097885 -0.188636169 -0.018974300 0.044254769 0.009154990 0.003698335 0.055848956 0.998390436
1341845830.129668 -0.186598733 -0.021152066 0.048159286 0.014500599 0.004669576 0.055640858 0.998334646
1341845830.165590 -0.187412217 -0.017941827 0.035003759 0.018144969 0.003145051 0.059108824 0.998081684
1341845830.197779 -0.174657837 -0.018346805 0.030230165 0.016418392 -0.003146604 0.063828103 0.997820854
1341845830.229883 -0.159254551 -0.013682611 0.027366554 0.019296845 -0.003622057 0.064984024 0.997693181
1341845830.265730 -0.165263876 -0.004142482 0.031618871 0.018587898 -0.001419503 0.063930362 0.997780263
1341845830.297873 -0.161840007 -0.017098730 0.036039378 0.017225331 -0.004780815 0.067816973 0.997537613
1341845830.329863 -0.143849880 -0.013774535 0.029380251 0.020496629 -0.007129377 0.069837816 0.997322321
1341845830.365740 -0.145886377 -0.005070403 0.029716332 0.020967575 -0.006607797 0.069324605 0.997351944
1341845830.397779 -0.139308944 -0.006759707 0.037879229 0.019679483 -0.009391266 0.069174722 0.997366250
1341845830.433725 -0.124161772 -0.010826995 0.035188090 0.019870192 -0.009644213 0.066600055 0.997535288
1341845830.465762 -0.125532240 -0.001766691 0.038262762 0.021413913 -0.007761566 0.064703271 0.997644603
1341845830.507859 -0.119652107 -0.009889613 0.038614586 0.021998376 -0.010297040 0.066061385 0.997519910
1341845830.565943 -0.094297379 0.002394856 0.033210374 0.024666972 -0.006100993 0.064444289 0.997597814
1341845830.597841 -0.096581250 -0.007034422 0.032417540 0.022873962 -0.006453841 0.066881418 0.997477889
1341845830.633627 -0.074586287 -0.010662186 0.030711580 0.024320157 -0.008618964 0.068442032 0.997321427
1341845830.665700 -0.071293689 0.000603512 0.030159581 0.025720479 -0.006288724 0.067393132 0.997375071
1341845830.701788 -0.067455739 -0.002549164 0.026401557 0.024434676 -0.005674678 0.066495463 0.997471392
1341845830.733901 -0.056562975 0.002726883 0.026141886 0.023443909 -0.003929471 0.062344648 0.997771621
1341845830.765759 -0.049940035 0.000657200 0.024930712 0.021088980 -0.001852222 0.058534108 0.998060942
1341845830.801839 -0.034944251 -0.005163132 0.015678598 0.019572245 -0.000261713 0.056656588 0.998201847
1341845830.833774 -0.036943551 -0.006309482 0.020919893 0.021189544 0.002838601 0.055683475 0.998219609
1341845830.865751 -0.030543016 0.001867899 0.023992855 0.022630446 0.003210874 0.054900173 0.998230219
1341845830.901883 -0.021477008 0.002477385 0.024641681 0.020989925 0.005388099 0.051174510 0.998454630
1341845830.933811 -0.021726191 -0.007383275 0.018160064 0.020705527 0.007415374 0.050137024 0.998500168
1341845830.969705 -0.019798705 0.001415499 0.019468030 0.022897262 0.007223990 0.049401149 0.998490393
1341845831.001855 -0.006261494 0.005980115 0.012140729 0.021656016 0.006210336 0.047154866 0.998633564
1341845831.033886 0.001065129 0.001230569 0.014742219 0.020034395 0.006892440 0.043958135 0.998808742
1341845831.069727 0.001255207 -0.001727037 0.024841540 0.020229707 0.008365107 0.042363111 0.998862445
1341845831.101853 0.008195468 0.002036694 0.011338460 0.021296164 0.008111989 0.043013070 0.998814583
1341845831.137817 0.019367037 0.010575148 0.012929663 0.020970605 0.008898650 0.041916769 0.998861372
1341845831.169942 0.017543351 0.001685171 0.016168285 0.019098453 0.011489631 0.040352356 0.998936892
1341845831.201715 0.022899859 -0.007026693 0.012498668 0.019938711 0.010925721 0.041877475 0.998864055
1341845831.237723 0.031920943 0.000589658 0.010445773 0.023026301 0.010258904 0.042562142 0.998775780
1341845831.269903 0.033268303 0.003530664 0.008098531 0.022592789 0.010420066 0.042269185 0.998796463
1341845831.301755 0.035193834 -0.000075295 0.008938073 0.021736436 0.007608349 0.042440932 0.998833537
1341845831.337779 0.044653572 -0.001781739 0.009151384 0.022492839 0.003263989 0.042718519 0.998828590
1341845831.369742 0.051642150 0.002086881 0.004374353 0.023761587 -0.000171376 0.041829541 0.998842180
1341845831.405710 0.066091202 0.008314564 0.006672603 0.023223406 -0.001577270 0.039762978 0.998938024
1341845831.437646 0.069867656 0.002741434 0.014469896 0.021164434 0.000632832 0.036959711 0.999092460
1341845831.469752 0.067241997 -0.006244529 0.009703673 0.021120312 0.001391298 0.037172951 0.999084711
1341845831.505745 0.081482507 0.003336771 0.005529018 0.022810528 -0.000998232 0.037731700 0.999027073
1341845831.537844 0.099194705 0.012058110 0.008130548 0.020583743 0.000976094 0.034059275 0.999207318
1341845831.569610 0.091395140 0.003408403 0.016065713 0.016683483 0.004693843 0.031976026 0.999338388
1341845831.605848 0.094736107 -0.000828090 0.011716720 0.016077520 0.004999267 0.032819439 0.999319494
1341845831.637789 0.106194504 0.009181664 0.009710704 0.015638806 0.005411910 0.032258786 0.999342561
1341845831.673597 0.120216802 0.013945289 0.015152437 0.010578696 0.007298396 0.031799521 0.999411643
1341845831.705652 0.125984743 0.002519842 0.007771165 0.006154607 0.011949365 0.031845834 0.999402463
1341845831.737705 0.127600744 0.002392945 0.015281061 0.006588594 0.014907754 0.036354814 0.999206066
1341845831.773629 0.131379575 0.008887076 0.007946625 0.006675549 0.016141407 0.039407283 0.999070525
1341845831.805810 0.141638353 0.015054733 0.005776973 0.004705724 0.017644227 0.040306401 0.999020517
1341845831.837719 0.138539448 0.010556312 0.000053453 0.001152629 0.019577904 0.041488469 0.998946488
1341845831.873791 0.148259938 0.013697765 0.008431901 0.000667626 0.018369788 0.042606678 0.998922825
1341845831.905728 0.158924565 0.022572925 0.006621569 -0.001071568 0.019543786 0.041434128 0.998949528
1341845831.941628 0.160756499 0.013973627 0.010751223 -0.003944869 0.021603439 0.039708801 0.998969972
1341845831.973784 0.172952026 0.015082330 0.010778219 -0.004288132 0.022572840 0.039221052 0.998966336
1341845832.005729 0.182357028 0.015224824 0.009357889 -0.004172043 0.024260450 0.038949262 0.998937905
1341845832.041627 0.192904800 0.021133984 0.010534468 -0.004516650 0.026377536 0.037355274 0.998943686
1341845832.073865 0.189182356 0.018580401 0.006718329 -0.006412007 0.030342458 0.034836818 0.998911738
1341845832.109730 0.188629448 0.011372318 0.014431059 -0.006536016 0.030399818 0.035384636 0.998889923
1341845832.141683 0.206313744 0.015412668 0.003830414 -0.004410828 0.028441850 0.036359787 0.998924196
1341845832.173988 0.222150192 0.024372997 -0.024410339 -0.004915038 0.029238295 0.034989830 0.998947740
1341845832.209956 0.213382721 0.016003009 -0.008139740 -0.006462526 0.029281722 0.035356946 0.998924732
1341845832.241796 0.225406244 0.019035563 -0.018930569 -0.005352670 0.026137337 0.036484025 0.998978019
1341845832.273776 0.233688742 0.030952845 -0.003328257 -0.005634441 0.026199179 0.035032962 0.999026775
1341845832.309916 0.228187978 0.033569533 -0.004645234 -0.008581685 0.028259154 0.034334529 0.998973906
1341845832.341687 0.227609426 0.030056955 0.002556831 -0.010551976 0.027310519 0.035414912 0.998943746
1341845832.377708 0.243887246 0.035965465 -0.008583215 -0.011169981 0.025262587 0.037369996 0.998919666
1341845832.409802 0.245598733 0.033550628 -0.000564265 -0.013763928 0.024663417 0.037619945 0.998892903
1341845832.442187 0.247836441 0.034830250 0.001417297 -0.014692246 0.024155134 0.037406523 0.998900115
1341845832.477743 0.259039432 0.037617706 -0.007182263 -0.015466234 0.023364998 0.037939187 0.998887122
1341845832.509635 0.263886005 0.042837948 -0.006685128 -0.016328119 0.023299029 0.038527943 0.998852372
1341845832.541586 0.269329429 0.043272350 -0.004653456 -0.017163346 0.023832584 0.039116602 0.998802960
1341845832.577871 0.263254017 0.038875625 -0.000774133 -0.017996382 0.025242327 0.039872147 0.998723745
1341845832.609738 0.273356974 0.045754198 0.002175417 -0.017553870 0.023844944 0.040975571 0.998721361
1341845832.645699 0.276773959 0.050470881 -0.002946907 -0.017786426 0.024759494 0.040875845 0.998699009
1341845832.677817 0.280240297 0.052931290 -0.002456084 -0.020096228 0.024687409 0.040077541 0.998689353
1341845832.710177 0.285532892 0.049067721 -0.000928877 -0.021810392 0.025541663 0.040051937 0.998632967
1341845832.745710 0.289643079 0.054693077 0.001031137 -0.021331798 0.026631575 0.041807607 0.998542845
1341845832.777849 0.294795752 0.055921715 -0.000728844 -0.022008747 0.027676616 0.044163980 0.998398304
1341845832.810110 0.307880789 0.057925638 -0.008732125 -0.023234155 0.028293664 0.045583688 0.998289406
1341845832.845797 0.304385364 0.059974186 -0.001356190 -0.024501171 0.031128246 0.044899568 0.998205781
1341845832.877696 0.308510631 0.056659758 -0.000460348 -0.025561668 0.032600746 0.046708141 0.998049200
1341845832.913787 0.320053250 0.061722893 -0.005787677 -0.024731698 0.031664081 0.047954820 0.998041153
1341845832.945664 0.317319602 0.065997668 -0.005623075 -0.025513936 0.034163784 0.044928294 0.998079836
1341845832.978015 0.316803604 0.062430803 0.003176210 -0.026822263 0.035129849 0.045757987 0.997974277
1341845833.045857 0.343307853 0.072090670 -0.005956264 -0.027296042 0.033955999 0.046646938 0.997960925
1341845833.077785 0.346652180 0.072747096 -0.005210645 -0.028612202 0.035981581 0.045793720 0.997892559
1341845833.113636 0.355908871 0.065537304 -0.009125466 -0.029616883 0.036858130 0.045854256 0.997828543
1341845833.145767 0.363756359 0.073630884 -0.012887679 -0.029273586 0.038519714 0.047792520 0.997684896
1341845833.181891 0.376517236 0.077318609 -0.020276219 -0.032447621 0.039828949 0.045341261 0.997649729
1341845833.213878 0.371556371 0.070091523 -0.007286796 -0.034474876 0.042303476 0.044160582 0.997532845
1341845833.245714 0.369736701 0.066309534 -0.009306073 -0.033141993 0.041056111 0.045408942 0.997574091
1341845833.281847 0.390968621 0.061085176 -0.021792741 -0.030545816 0.040124759 0.048834711 0.997533023
1341845833.313771 0.392405599 0.075492024 -0.027149362 -0.027170941 0.043532480 0.048982006 0.997480571
1341845833.349756 0.403983235 0.071053930 -0.028080774 -0.029082004 0.042979732 0.049114868 0.997444093
1341845833.381840 0.416660279 0.070191137 -0.033799097 -0.029704213 0.045028005 0.048540965 0.997363508
1341845833.414644 0.416669101 0.077000059 -0.028608026 -0.029587165 0.047984596 0.048508737 0.997230709
1341845833.449819 0.412004411 0.070994765 -0.019496206 -0.030956371 0.048437648 0.049087021 0.997138858
1341845833.488616 0.425639302 0.071826614 -0.028649397 -0.029611563 0.047557130 0.049132552 0.997219920
1341845833.549835 0.420323431 0.065413736 -0.021588694 -0.033970576 0.049213175 0.048579928 0.997027636
1341845833.581733 0.429809779 0.065320581 -0.020048760 -0.030932786 0.046630442 0.048041847 0.997276723
1341845833.617817 0.433757693 0.075747520 -0.027843440 -0.029676683 0.045963742 0.050645966 0.997216940
1341845833.649899 0.436091959 0.077590294 -0.020153951 -0.032233451 0.044715863 0.049358323 0.997258902
1341845833.681671 0.451045156 0.067419305 -0.020317158 -0.032473419 0.042969048 0.049751990 0.997308314
1341845833.717606 0.438105524 0.074058302 -0.020279001 -0.030579954 0.043434031 0.052611426 0.997201324
1341845833.752940 0.445705414 0.081912383 -0.023507088 -0.032138940 0.040019650 0.051537093 0.997351170
1341845833.817827 0.446985036 0.081573270 -0.012933909 -0.035233539 0.041514888 0.050784498 0.997224212
1341845833.849860 0.451546341 0.073721468 -0.013819264 -0.035792109 0.039513972 0.050281242 0.997311056
1341845833.885667 0.448592901 0.079390094 -0.015370072 -0.034346789 0.041187018 0.049600411 0.997328341
1341845833.917724 0.449523062 0.079679072 -0.021546924 -0.036508463 0.041849781 0.049324792 0.997237563
1341845833.949675 0.448818952 0.068527371 -0.015701665 -0.037483063 0.041275516 0.049325936 0.997225344
1341845833.985662 0.457852930 0.077666238 -0.019443236 -0.034395728 0.041782394 0.048708376 0.997345865
1341845834.018158 0.452211738 0.085218430 -0.022034636 -0.036311582 0.043019209 0.048692066 0.997226119
1341845834.049769 0.445409149 0.077762380 -0.011202647 -0.038217176 0.042516969 0.046483137 0.997281849
1341845834.085753 0.446408927 0.081024356 -0.018732864 -0.037154969 0.042603612 0.043717258 0.997443378
1341845834.153871 0.446630806 0.078707829 -0.017809374 -0.039681781 0.043432336 0.044141944 0.997291625
1341845834.185736 0.438052028 0.075752698 -0.016965967 -0.040925853 0.045106329 0.041784693 0.997268498
1341845834.217802 0.424882382 0.076387048 -0.021011535 -0.041522514 0.046671815 0.040728021 0.997215569
1341845834.253824 0.418857068 0.087975517 -0.012384751 -0.043802619 0.045403130 0.039178744 0.997238696
1341845834.285756 0.412515759 0.071983337 -0.007988519 -0.048115846 0.043586198 0.035653602 0.997253239
1341845834.321783 0.419498175 0.066615552 0.000612303 -0.046084728 0.042490892 0.037201259 0.997339845
1341845834.355135 0.404688776 0.061240900 -0.009900883 -0.040931415 0.044007178 0.040049788 0.997388601
1341845834.385801 0.401269555 0.070515290 -0.019939071 -0.037229016 0.044806976 0.041052431 0.997457325
1341845834.421748 0.394415110 0.070357099 -0.020042390 -0.037931565 0.046175849 0.039363421 0.997436523
1341845834.453840 0.374902129 0.073191926 -0.013095369 -0.038244594 0.046319928 0.037670612 0.997483253
1341845834.485639 0.376721323 0.067726247 -0.009146411 -0.038692851 0.044214573 0.035136435 0.997653961
1341845834.521785 0.376549572 0.071642406 -0.012349021 -0.037751362 0.043912522 0.035469573 0.997691572
1341845834.553727 0.367015868 0.071257815 -0.011348472 -0.038245779 0.044258799 0.034453951 0.997693002
1341845834.589787 0.344864368 0.066631332 0.002897877 -0.038585648 0.043679014 0.034308363 0.997710466
1341845834.621791 0.351517469 0.067544088 -0.007931266 -0.036794264 0.039982885 0.034507841 0.997926235
1341845834.653808 0.350932837 0.077268511 -0.016411144 -0.037818756 0.040252954 0.032511804 0.997944117
1341845834.689847 0.326678783 0.067253791 -0.012430671 -0.042482041 0.042089742 0.029377010 0.997777879
1341845834.721856 0.305600673 0.056893487 -0.002809953 -0.043691505 0.040362418 0.028572109 0.997820437
1341845834.753919 0.313008368 0.054301184 -0.007327809 -0.040825207 0.036905944 0.029033961 0.998062253
1341845834.789834 0.312924683 0.061986994 -0.011526922 -0.038858630 0.036921211 0.028622258 0.998152077
1341845834.821826 0.291099608 0.062997393 -0.005861400 -0.040187929 0.037748702 0.028284511 0.998078108
1341845834.857804 0.281690121 0.056383029 -0.003564032 -0.041136205 0.035544701 0.027550533 0.998140931
1341845834.889796 0.279096544 0.057142153 -0.005703729 -0.041161876 0.033342015 0.026510788 0.998244047
1341845834.921771 0.261295319 0.053442135 0.000572336 -0.040550299 0.033212669 0.026429702 0.998275518
1341845834.957942 0.250950873 0.051240008 -0.010740585 -0.039602309 0.030858597 0.025891302 0.998403251
1341845834.989806 0.241412893 0.049941681 -0.003575176 -0.039112058 0.028073054 0.025707673 0.998509526
1341845835.021804 0.235291421 0.049095094 -0.006666346 -0.037874326 0.025942886 0.025908934 0.998609662
1341845835.058003 0.229711592 0.045385946 -0.007009389 -0.036255796 0.023900911 0.026550308 0.998703837
1341845835.089820 0.219032794 0.049219545 -0.008885250 -0.034608468 0.022156775 0.027483210 0.998777270
1341845835.125663 0.209256321 0.055100709 -0.005195922 -0.034431543 0.018811947 0.028749464 0.998816311
1341845835.157750 0.197248697 0.048444051 -0.007595478 -0.036061302 0.016901834 0.026794538 0.998847306
1341845835.189830 0.180110946 0.041691367 0.009462953 -0.034986228 0.016154390 0.027133167 0.998888791
1341845835.225912 0.177559853 0.041808777 0.002651861 -0.030998919 0.012217718 0.028652227 0.999033988
1341845835.258001 0.166383117 0.046268634 -0.011779306 -0.029846797 0.010968288 0.027602097 0.999113083
1341845835.290164 0.158277467 0.039658543 -0.008541263 -0.031771239 0.009242904 0.026896639 0.999090493
1341845835.325788 0.149052709 0.034190778 -0.013073042 -0.030428311 0.006292408 0.026683930 0.999160945
1341845835.363902 0.144157782 0.034784243 -0.009675412 -0.028979395 0.004220813 0.025636394 0.999242306
1341845835.431742 0.115591966 0.031851221 -0.017968716 -0.028881283 0.000748838 0.023596590 0.999303997
1341845835.493790 0.102296233 0.025754670 -0.009258030 -0.026281532 -0.004305140 0.024480108 0.999345541
1341845835.527633 0.096385755 0.030751240 -0.018695543 -0.024819618 -0.006298786 0.025349276 0.999350667
1341845835.561788 0.081459336 0.029492339 -0.022393890 -0.025992956 -0.010704730 0.025888037 0.999269545
1341845835.594173 0.085675076 0.027974466 -0.015982436 -0.027233331 -0.012528461 0.024402896 0.999252677
1341845835.625859 0.075402960 0.021801099 -0.018738311 -0.025658779 -0.011339901 0.024301551 0.999311030
1341845835.661923 0.067807518 0.021694269 -0.022304930 -0.021224290 -0.014608096 0.028470280 0.999262512
1341845835.693994 0.065619186 0.023359446 -0.011526949 -0.018086808 -0.016905911 0.030065287 0.999241292
1341845835.725724 0.054937985 0.023343068 -0.009332482 -0.016204277 -0.013675043 0.028654099 0.999364495
1341845835.761816 0.045527559 0.019003803 -0.022530727 -0.013954844 -0.014441331 0.031808708 0.999292254
1341845835.793927 0.038952190 0.026946669 -0.016013136 -0.010873975 -0.017182309 0.034016307 0.999214411
1341845835.829809 0.035135470 0.029369988 -0.013085982 -0.011222417 -0.016931551 0.032913573 0.999251783
1341845835.868224 0.022386547 0.018433521 -0.016271874 -0.011852749 -0.015355329 0.033244651 0.999258995
1341845835.903857 0.008350004 0.017400727 -0.012771880 -0.009157452 -0.018257415 0.036717299 0.999116957
1341845835.935727 0.014332166 0.022382190 -0.025543887 -0.008119435 -0.020388370 0.037704177 0.999047935
1341845835.967812 0.006515892 0.015723282 -0.016896294 -0.008386014 -0.018226393 0.036841791 0.999119639
1341845836.003789 -0.008351945 0.013136008 -0.014845457 -0.005499047 -0.017559513 0.038719673 0.999080718
1341845836.035920 -0.006759209 0.015182583 -0.017731208 -0.002296806 -0.019215778 0.040133350 0.999006927
1341845836.067671 -0.015945435 0.014870941 -0.020498982 -0.002381549 -0.016861098 0.038878378 0.999098837
1341845836.104034 -0.029606689 0.009889130 -0.016289903 -0.001570014 -0.016659845 0.039020047 0.999098301
1341845836.135769 -0.037603591 0.011890973 -0.021124890 0.001097059 -0.020088794 0.039727028 0.999008000
1341845836.172097 -0.041827578 0.016724259 -0.024928048 0.001148978 -0.022857960 0.038714353 0.998988152
1341845836.203642 -0.041394129 0.014427962 -0.021240762 -0.000444917 -0.022234615 0.037139904 0.999062598
1341845836.235687 -0.058725927 0.003831177 -0.028288899 0.000453831 -0.021060677 0.038854685 0.999022782
1341845836.271774 -0.068705678 0.007971487 -0.026876504 0.003893689 -0.024509462 0.040448915 0.998873353
1341845836.303797 -0.065297194 0.013106239 -0.028911047 0.005012392 -0.027014345 0.042087041 0.998736084
1341845836.335742 -0.066647455 0.017683266 -0.021506241 0.004051440 -0.025750726 0.041695699 0.998790264
1341845836.372549 -0.072944783 0.001479497 -0.024552125 0.004163261 -0.023086876 0.044419099 0.998737514
1341845836.403992 -0.082320020 0.011220590 -0.026182907 0.008342703 -0.022452652 0.047879014 0.998565912
1341845836.435705 -0.081128366 0.014425093 -0.020509457 0.009650359 -0.020542279 0.049293742 0.998526454
1341845836.471817 -0.088112988 0.014945343 -0.027156882 0.010066959 -0.016652785 0.048787009 0.998619676
1341845836.503945 -0.102606311 0.013978452 -0.027483495 0.010210900 -0.015862333 0.050327327 0.998554587
1341845836.539832 -0.103905551 0.016547957 -0.029212594 0.010739641 -0.018117880 0.051601183 0.998445630
1341845836.571973 -0.106561258 0.016379099 -0.030968050 0.009811282 -0.018110944 0.051015768 0.998485446
1341845836.604373 -0.115984939 0.016684230 -0.039276216 0.008016204 -0.016998839 0.049298231 0.998607278
1341845836.639724 -0.116760708 0.009116133 -0.030161815 0.005838754 -0.017810382 0.048275672 0.998658180
1341845836.672049 -0.116104379 0.002365956 -0.031356253 0.007311174 -0.018385582 0.047219537 0.998688638
1341845836.704020 -0.119831227 -0.002438702 -0.035060406 0.009232474 -0.017711155 0.046552464 0.998716176
1341845836.739779 -0.119068399 -0.027135763 -0.037463278 0.012193465 -0.018769367 0.050280336 0.998484313
1341845836.771652 -0.115096055 -0.021948872 -0.039413646 0.022435350 -0.018435085 0.050541595 0.998299718
1341845836.803601 -0.120768145 -0.021627268 -0.029432574 0.028142482 -0.016570788 0.051844541 0.998121023
1341845836.839643 -0.126597211 -0.026629910 -0.028446458 0.030511785 -0.017586216 0.052671086 0.997990787
1341845836.871771 -0.122421749 -0.032520670 -0.035352025 0.033533268 -0.019303905 0.053851254 0.997799039
1341845836.907663 -0.116776966 -0.030572470 -0.027811235 0.035392564 -0.017780567 0.055505194 0.997672439
1341845836.939824 -0.122892983 -0.046332061 -0.029510198 0.034850404 -0.015725395 0.058697414 0.997543335
1341845836.971802 -0.120891966 -0.049139172 -0.042996660 0.037258592 -0.017146852 0.059449449 0.997388363
1341845837.007714 -0.112322338 -0.036445800 -0.048312489 0.036210235 -0.014997998 0.059070662 0.997484088
1341845837.039752 -0.117423326 -0.059075866 -0.029084081 0.029127918 -0.008605712 0.059919160 0.997741044
1341845837.071715 -0.124623969 -0.083465397 -0.025086315 0.031966101 -0.007353873 0.058662839 0.997738838
1341845837.107691 -0.117204130 -0.076996416 -0.022201210 0.034470029 -0.006970058 0.060258329 0.997563064
1341845837.139763 -0.110450976 -0.093250416 -0.028119259 0.033155765 -0.003983659 0.060415104 0.997614563
1341845837.171636 -0.116804540 -0.102946647 -0.025741460 0.037000004 -0.000707123 0.055524848 0.997771263
1341845837.207675 -0.124774165 -0.100940369 -0.030104781 0.037718076 -0.002060331 0.052909914 0.997884572
1341845837.239749 -0.115012743 -0.114250384 -0.020450480 0.034970116 -0.004142276 0.048203230 0.998216629
1341845837.275755 -0.113390341 -0.129033655 -0.023164550 0.035572030 -0.002415760 0.043601573 0.998412549
1341845837.307686 -0.118919469 -0.152687758 -0.027977949 0.037866466 -0.002395882 0.046934087 0.998177111
1341845837.339628 -0.117082082 -0.158711001 -0.024197146 0.043222710 -0.004601196 0.048659477 0.997869194
1341845837.375710 -0.107765906 -0.160492688 -0.024653716 0.047820479 -0.004436094 0.047018390 0.997738838
1341845837.407709 -0.109064609 -0.146334335 -0.020392096 0.049472298 -0.001250527 0.043157991 0.997841835
1341845837.439656 -0.112218745 -0.153026387 -0.023397397 0.043007642 0.001757823 0.039684653 0.998284698
1341845837.475671 -0.103618063 -0.181663558 -0.023053264 0.038242280 0.002247596 0.039116956 0.998500049
1341845837.507973 -0.104620680 -0.178775966 -0.027405925 0.039077949 0.006420053 0.036860630 0.998535395
1341845837.543708 -0.104849964 -0.184509352 -0.029490691 0.034895241 0.010921700 0.036002494 0.998682559
1341845837.575706 -0.106026806 -0.206258848 -0.026232414 0.032321710 0.012756529 0.032565638 0.998865366
1341845837.607609 -0.105082497 -0.216223717 -0.022612963 0.032839242 0.015259542 0.029377889 0.998912215
1341845837.643704 -0.103560492 -0.224046841 -0.022415811 0.034103662 0.017885149 0.027090367 0.998890936
1341845837.675706 -0.104909822 -0.233758733 -0.026003674 0.036223594 0.019662244 0.025316639 0.998829424
1341845837.711803 -0.103316002 -0.236231089 -0.032240957 0.038164798 0.021581806 0.024091959 0.998747766
1341845837.743935 -0.098525643 -0.240069643 -0.030179102 0.038025007 0.023691691 0.022588762 0.998740435
1341845837.775698 -0.099384464 -0.256709993 -0.032062378 0.039104048 0.026036033 0.021353088 0.998667598
1341845837.811909 -0.098165423 -0.241270602 -0.030024983 0.041574042 0.029081460 0.020188233 0.998507977
1341845837.843915 -0.100144699 -0.252643883 -0.027785951 0.037926633 0.032070089 0.018710418 0.998590529
1341845837.879790 -0.096704662 -0.269241512 -0.025421878 0.038051311 0.033775654 0.018234478 0.998538375
1341845837.911946 -0.102086507 -0.276151121 -0.030012662 0.041801751 0.035163786 0.020965975 0.998286843
1341845837.946188 -0.097449780 -0.271973848 -0.033423472 0.044290777 0.034188356 0.023081873 0.998166680
1341845837.979709 -0.083167195 -0.270243824 -0.042490877 0.043907069 0.035663124 0.021506391 0.998167217
1341845838.041927 -0.095570274 -0.272644550 -0.032224819 0.037531681 0.041280542 0.017265743 0.998293161
1341845838.073905 -0.093143314 -0.293373376 -0.032181177 0.035512410 0.040636051 0.014572214 0.998436391
1341845838.105792 -0.094462693 -0.297303349 -0.029397754 0.037732046 0.041783392 0.015217534 0.998298049
1341845838.141667 -0.096654221 -0.290070951 -0.027612278 0.038672034 0.042263038 0.015220139 0.998241782
1341845838.173678 -0.088271700 -0.290530711 -0.033061940 0.035769623 0.042102959 0.012004829 0.998400629
1341845838.205767 -0.080089122 -0.283105224 -0.034506537 0.032199498 0.043523129 0.007397566 0.998506010
1341845838.241893 -0.089031346 -0.292512953 -0.030156909 0.025362592 0.046810549 0.005090432 0.998568773
1341845838.273791 -0.100057028 -0.316525489 -0.017978374 0.021266973 0.047134358 0.001878451 0.998660326
1341845838.309852 -0.100665808 -0.319420159 -0.018515944 0.021840619 0.044531547 0.001306256 0.998768330
1341845838.341805 -0.094605982 -0.328146875 -0.018069677 0.020910436 0.042445052 0.004301314 0.998870730
1341845838.373872 -0.093895748 -0.335573196 -0.013844186 0.022036705 0.042760365 0.004603977 0.998831689
1341845838.409713 -0.093304247 -0.328857690 -0.017305730 0.023523053 0.042372223 0.007113502 0.998799562
1341845838.441818 -0.090589449 -0.328931957 -0.020133011 0.021453772 0.041535810 0.009041914 0.998865724
1341845838.473754 -0.087368086 -0.338383049 -0.019471765 0.018561270 0.041727338 0.006838730 0.998933256
1341845838.509713 -0.085991554 -0.347741276 -0.016798010 0.017169019 0.042708475 0.004781327 0.998928607
1341845838.541649 -0.094201073 -0.352252513 -0.013760805 0.017596072 0.043373499 0.004415760 0.998894155
1341845838.577804 -0.088135444 -0.364532501 -0.018379332 0.019422978 0.042595942 0.001323249 0.998902678
1341845838.609807 -0.082077801 -0.366903841 -0.018685367 0.021507623 0.043793157 -0.001659442 0.998807669
1341845838.641690 -0.083163299 -0.368976891 -0.019828822 0.022900671 0.045833383 -0.001511077 0.998685420
1341845838.677850 -0.088209540 -0.370365202 -0.021376260 0.023837926 0.046801932 -0.002357994 0.998616934
1341845838.709635 -0.074014165 -0.366224796 -0.028751399 0.023786914 0.045947675 -0.003134682 0.998655677
1341845838.745913 -0.061295964 -0.351551563 -0.030918287 0.019899817 0.048839405 -0.004086500 0.998600006
1341845838.777723 -0.078826837 -0.370489389 -0.024778325 0.011675029 0.053824779 -0.006932520 0.998458087
1341845838.809656 -0.080820732 -0.377119392 -0.022590898 0.009335541 0.052408975 -0.007078342 0.998557031
1341845838.845874 -0.072841644 -0.387241155 -0.025195094 0.008618965 0.051248476 -0.007834500 0.998618007
1341845838.877695 -0.057328269 -0.370548874 -0.029104985 0.006477074 0.053168140 -0.007182319 0.998538733
1341845838.909636 -0.068527199 -0.379386038 -0.015549870 0.001649088 0.057399187 -0.011264889 0.998286366
1341845838.945837 -0.075470783 -0.394697279 -0.013420817 0.000090841 0.058198601 -0.013170513 0.998218119
1341845838.977758 -0.067748480 -0.398703098 -0.015068184 0.001031266 0.057500105 -0.011756792 0.998275757
1341845839.013907 -0.056909665 -0.394560456 -0.021396207 0.002561384 0.058667488 -0.012204090 0.998199701
1341845839.046225 -0.058219746 -0.385250449 -0.023541333 0.002370497 0.061229993 -0.013561929 0.998028755
1341845839.077750 -0.068478122 -0.398318589 -0.019646421 -0.002106217 0.060675342 -0.015472905 0.998035431
1341845839.113934 -0.065105490 -0.417209059 -0.018536072 -0.003131192 0.058487050 -0.015806140 0.998158157
1341845839.145852 -0.059805855 -0.412136823 -0.021565314 0.000844746 0.057830747 -0.012913626 0.998242497
1341845839.177741 -0.058510218 -0.406747490 -0.024909781 0.001115505 0.058441635 -0.011676879 0.998221874
1341845839.214000 -0.046505649 -0.418945760 -0.022957068 0.000492490 0.058973938 -0.012430024 0.998181999
1341845839.246198 -0.047314152 -0.423259258 -0.022121888 0.002724068 0.061294615 -0.011566958 0.998049021
1341845839.281774 -0.039990820 -0.415641278 -0.027830077 0.004103807 0.062175017 -0.008763446 0.998018324
1341845839.314004 -0.036092535 -0.421946704 -0.028528441 0.003158873 0.064769372 -0.011722601 0.997826397
1341845839.345945 -0.041483674 -0.421359152 -0.019998610 0.004061705 0.067282379 -0.011586977 0.997658432
1341845839.381741 -0.041208100 -0.432199657 -0.026453316 0.004926838 0.066743374 -0.008746522 0.997719705
1341845839.413801 -0.032154467 -0.431519121 -0.022272486 0.007186715 0.066695429 -0.006386025 0.997727096
1341845839.445714 -0.031791728 -0.426599860 -0.026209215 0.009182763 0.068881452 -0.006677208 0.997560263
1341845839.481741 -0.025690906 -0.422666401 -0.034299061 0.008057175 0.069454014 -0.006140842 0.997533679
1341845839.514001 -0.022911502 -0.429314107 -0.027653042 0.006324987 0.070818976 -0.007837223 0.997438371
1341845839.549791 -0.025625044 -0.437909752 -0.026727209 0.007101295 0.072767109 -0.006998290 0.997299194
1341845839.587666 -0.022796463 -0.428989470 -0.032478508 0.008895594 0.072440207 -0.005529660 0.997317731
1341845839.681817 -0.026082834 -0.424429357 -0.030857993 0.008826595 0.075773560 -0.006137553 0.997067094
1341845839.713876 -0.018359454 -0.425315499 -0.030263107 0.007901105 0.073727466 -0.006358661 0.997226894
1341845839.749808 -0.014674773 -0.424964875 -0.028383886 0.007988053 0.074819721 -0.006868550 0.997141421
1341845839.781785 -0.021615405 -0.418912798 -0.025568293 0.007110885 0.075861700 -0.005341731 0.997078717
1341845839.817825 -0.027168470 -0.417118639 -0.018598452 0.005619472 0.074657999 -0.005377756 0.997178853
1341845839.849994 -0.020500157 -0.411525637 -0.028459413 0.005143529 0.073951386 -0.005181448 0.997235179
1341845839.881829 -0.024524068 -0.408720046 -0.028527992 0.002869513 0.074143678 -0.005142449 0.997230172
1341845839.917855 -0.033735633 -0.408634186 -0.023315497 0.000374849 0.073200338 -0.005193413 0.997303665
1341845839.950283 -0.031233087 -0.404782444 -0.020831255 -0.001187983 0.070174739 -0.005171951 0.997520626
1341845839.985757 -0.033063427 -0.399994671 -0.029281786 -0.002886669 0.068660691 -0.004666127 0.997625053
1341845840.017660 -0.036131181 -0.389543921 -0.025219297 -0.006127817 0.067296296 -0.006470115 0.997693241
1341845840.049741 -0.045206822 -0.389362544 -0.012774762 -0.010633118 0.067008965 -0.007667501 0.997666299
1341845840.085650 -0.050497122 -0.395462364 -0.007858609 -0.014533492 0.064746037 -0.007026210 0.997771204
1341845840.117698 -0.047568381 -0.384957343 -0.010587822 -0.014788957 0.062781766 -0.004340076 0.997908294
1341845840.149796 -0.051841009 -0.367940724 -0.012900296 -0.016619720 0.062010679 -0.002770958 0.997933269
1341845840.186069 -0.052661460 -0.370290726 -0.010797146 -0.022148088 0.061211728 -0.003792545 0.997871876
1341845840.217657 -0.055285290 -0.361106157 -0.011144144 -0.025501382 0.062488019 -0.004597750 0.997709274
1341845840.253694 -0.066735007 -0.362271965 -0.002639206 -0.029605310 0.063034765 -0.003843319 0.997564733
1341845840.285914 -0.065795355 -0.358452499 -0.002977776 -0.031362507 0.059527207 -0.002993049 0.997729480
1341845840.317753 -0.063505590 -0.351957530 0.000265444 -0.033767633 0.057558045 -0.001205678 0.997770250
1341845840.353861 -0.060986433 -0.351642102 -0.004824557 -0.036628451 0.056828704 0.000262927 0.997711837
1341845840.385775 -0.066417985 -0.337942570 -0.005796107 -0.038352009 0.057949040 -0.001419135 0.997581661
1341845840.417676 -0.071462542 -0.329812467 -0.002726018 -0.041563444 0.057260487 -0.002914872 0.997489512
1341845840.453598 -0.075988218 -0.333253562 0.004465356 -0.044304207 0.056541160 -0.004160797 0.997408152
1341845840.485943 -0.073634915 -0.325885177 0.003655326 -0.044666510 0.056375723 -0.003483886 0.997403860
1341845840.521810 -0.078502342 -0.320558637 0.002437761 -0.045604121 0.056417890 -0.002569428 0.997361839
1341845840.553677 -0.084588647 -0.315047204 0.005037919 -0.047887139 0.054638062 -0.000633003 0.997357070
1341845840.585765 -0.080185495 -0.314952761 0.009714916 -0.049428184 0.052711125 -0.001417980 0.997384727
1341845840.621850 -0.083745137 -0.304563522 0.005880783 -0.049544755 0.053015873 -0.002856314 0.997359753
1341845840.653789 -0.089993924 -0.296266854 0.000674211 -0.053067803 0.052138738 -0.003228659 0.997223616
1341845840.685850 -0.092987128 -0.307680547 0.007393138 -0.056328718 0.051438343 -0.007339017 0.997059345
1341845840.721832 -0.098963022 -0.312660336 0.008159238 -0.054721650 0.051701847 -0.009050236 0.997121096
1341845840.753824 -0.107343093 -0.308478564 0.011909712 -0.050941139 0.048789524 -0.004637562 0.997498393
1341845840.789783 -0.100226969 -0.305519402 0.007829931 -0.048354335 0.045275740 -0.004126851 0.997795045
1341845840.821733 -0.099653140 -0.296968102 0.005013851 -0.045981135 0.046625786 -0.005926353 0.997835994
1341845840.853661 -0.109500565 -0.296105176 0.004723111 -0.046464682 0.048539229 -0.006346091 0.997719824
1341845840.889737 -0.113083027 -0.291608661 0.007838164 -0.046418309 0.046973068 -0.004106939 0.997808635
1341845840.921786 -0.106724188 -0.284157336 0.000953821 -0.046068363 0.046657890 -0.004152250 0.997839391
1341845840.957782 -0.103108734 -0.267711580 0.001256965 -0.047168534 0.049023647 -0.003543896 0.997676909
1341845840.989777 -0.110531993 -0.272614151 0.007182423 -0.050796036 0.051065389 -0.004721802 0.997391522
1341845841.021755 -0.109271146 -0.276090801 0.013976498 -0.050557226 0.051264923 -0.003980630 0.997396648
1341845841.057797 -0.111120068 -0.273736477 0.009332371 -0.046887472 0.052785791 -0.004434424 0.997494638
1341845841.089861 -0.108445123 -0.257618487 0.014141320 -0.041579176 0.054446369 -0.004689276 0.997639596
1341845841.127763 -0.113326833 -0.250219017 0.013037253 -0.039981876 0.055219326 -0.006356205 0.997653186
1341845841.189794 -0.121864401 -0.247662961 0.017613599 -0.037607625 0.054703180 -0.014660462 0.997686446
1341845841.225871 -0.121267743 -0.239801705 0.021043820 -0.033664901 0.054129299 -0.017254971 0.997817099
1341845841.257769 -0.124434762 -0.228970706 0.019749945 -0.030047856 0.054083880 -0.018696476 0.997909069
1341845841.289834 -0.122089148 -0.219415799 0.015363464 -0.028382316 0.053047571 -0.018708836 0.998013198
1341845841.325856 -0.118432663 -0.208830178 0.014307977 -0.029535819 0.051998775 -0.015981892 0.998082280
1341845841.357778 -0.120704360 -0.206956849 0.017384486 -0.031858079 0.051349364 -0.015270194 0.998055696
1341845841.389747 -0.130709991 -0.209947959 0.027642583 -0.029855177 0.049281627 -0.014435604 0.998234272
1341845841.425648 -0.114697039 -0.209588528 0.036712021 -0.024336049 0.044869628 -0.009474605 0.998651445
1341845841.457784 -0.112133786 -0.201551542 0.034203093 -0.015950484 0.043782253 -0.003331605 0.998908222
1341845841.493636 -0.116296589 -0.180612668 0.026214225 -0.010183649 0.043454263 -0.001297489 0.999002695
1341845841.525800 -0.110922202 -0.164238274 0.020258594 -0.011670272 0.042724751 0.000855218 0.999018371
1341845841.557776 -0.113460690 -0.164812133 0.022548364 -0.015330140 0.043425791 0.001442852 0.998937964
1341845841.593697 -0.118138939 -0.161045343 0.030544598 -0.017114522 0.043000534 0.002281168 0.998925865
1341845841.625800 -0.113315679 -0.166882753 0.029304758 -0.015927488 0.040556304 0.004949131 0.999038100
1341845841.657778 -0.107690647 -0.162963256 0.023252297 -0.013243318 0.040138949 0.006813627 0.999083102
1341845841.693890 -0.114777200 -0.154044747 0.027702857 -0.011626693 0.040646140 0.008171150 0.999072552
1341845841.725831 -0.115934245 -0.147633642 0.032821812 -0.011631930 0.040041320 0.008324585 0.999095678
1341845841.761977 -0.112854250 -0.141355634 0.021520259 -0.010996033 0.039280526 0.007330138 0.999140859
1341845841.793705 -0.117185764 -0.129472300 0.024557471 -0.011832335 0.038740765 0.007622422 0.999150157
1341845841.825907 -0.118122339 -0.132790819 0.025503047 -0.014669527 0.036777355 0.007269501 0.999189377
1341845841.862456 -0.121716201 -0.137439877 0.032516852 -0.014659612 0.035576519 0.007521109 0.999231100
1341845841.893840 -0.122743748 -0.142374188 0.030287724 -0.010621033 0.033344824 0.011114798 0.999325693
1341845841.925729 -0.117214195 -0.125935614 0.020612122 -0.006231134 0.030841533 0.014454031 0.999400377
1341845841.961799 -0.115687452 -0.121776372 0.025983563 -0.006091023 0.029962569 0.014126182 0.999432623
1341845841.994063 -0.113935478 -0.111542054 0.030608270 -0.005377367 0.030978799 0.011778539 0.999436200
1341845842.030345 -0.122334264 -0.100755446 0.028284878 -0.007382954 0.031772312 0.010604695 0.999411583
1341845842.061842 -0.120235614 -0.114260711 0.026634261 -0.010029617 0.029552042 0.012156607 0.999438941
1341845842.095648 -0.116992302 -0.101673350 0.025561687 -0.008367496 0.028939951 0.013192046 0.999459088
1341845842.130144 -0.115667187 -0.100133739 0.023543587 -0.009113972 0.029254934 0.015020132 0.999417543
1341845842.168651 -0.118405685 -0.090461351 0.025276845 -0.009034010 0.029500240 0.017387778 0.999372661
1341845842.204415 -0.118358344 -0.089110658 0.031848531 -0.009185621 0.029708643 0.017747896 0.999358833
1341845842.236995 -0.123490177 -0.083569638 0.028801754 -0.007376243 0.028966429 0.019087678 0.999370873
1341845842.298056 -0.115436718 -0.072319321 0.035418112 -0.003034890 0.023124402 0.023728419 0.999446392
1341845842.330531 -0.119644463 -0.066046149 0.035115670 -0.001458503 0.024559060 0.024300950 0.999401927
1341845842.362365 -0.127444416 -0.048535034 0.026573218 -0.002391291 0.023648379 0.025043661 0.999403775
1341845842.399606 -0.120480582 -0.050759405 0.034831434 -0.006069183 0.022462301 0.025150549 0.999412835
1341845842.439754 -0.117945515 -0.051141549 0.035481721 -0.006963490 0.022804942 0.025224201 0.999397397
1341845842.472222 -0.127054378 -0.050218407 0.040171664 -0.007207487 0.023680914 0.025780192 0.999361098
1341845842.506051 -0.128173068 -0.051304240 0.040420558 -0.007359093 0.021619029 0.026505617 0.999387741
1341845842.539739 -0.119435236 -0.047158968 0.040077828 -0.006727869 0.020875815 0.025448736 0.999435484
1341845842.597810 -0.132062763 -0.049407303 0.051863786 -0.005546564 0.022246592 0.023375062 0.999463797
1341845842.671782 -0.123202212 -0.032555699 0.042921767 -0.000952745 0.021203909 0.024596240 0.999472141
1341845842.733828 -0.129525498 -0.031568866 0.044049982 0.000103263 0.020329587 0.030486586 0.999328434
1341845842.772554 -0.128264427 -0.015940692 0.040279232 0.002358216 0.019780079 0.032693014 0.999266922
1341845842.803667 -0.130893230 -0.011242954 0.043152753 0.000359798 0.019846624 0.034869384 0.999194741
1341845842.839779 -0.126338452 -0.012447109 0.044123948 -0.001373013 0.020316031 0.034543507 0.999195755
1341845842.871951 -0.132388562 -0.005943693 0.042035218 -0.001091640 0.021557678 0.033850171 0.999193788
1341845842.903766 -0.131437898 -0.001396460 0.041178018 -0.002377429 0.020545455 0.033774883 0.999215424
1341845842.939694 -0.129904225 0.003097419 0.052985642 -0.004676594 0.020698667 0.032976370 0.999230862
1341845842.971703 -0.136845678 0.005293615 0.067665279 -0.004092351 0.021899976 0.031998079 0.999239624
1341845843.003637 -0.142295688 0.011798813 0.063827813 -0.003365117 0.020548815 0.034057185 0.999202967
1341845843.039687 -0.132059976 0.012403553 0.056177597 -0.003724949 0.018568614 0.036838792 0.999141753
1341845843.071786 -0.129446238 0.016292643 0.044925366 -0.003213906 0.020453736 0.036911592 0.999104023
1341845843.103725 -0.142532229 0.016509164 0.057489358 -0.003189776 0.020946728 0.038535848 0.999032557
1341845843.139742 -0.141188711 0.024483113 0.056508180 -0.000976147 0.017864102 0.040664177 0.999012709
1341845843.171825 -0.137360558 0.036638875 0.052380066 -0.001354548 0.016988579 0.039191462 0.999086380
1341845843.207907 -0.140560403 0.043784928 0.050664447 -0.004069598 0.018107574 0.034622535 0.999228120
1341845843.240014 -0.142291173 0.044917595 0.057658680 -0.007828258 0.017408183 0.031368956 0.999325633
1341845843.281910 -0.146124229 0.044456601 0.055802688 -0.009057535 0.015478040 0.031149911 0.999353826
1341845843.307930 -0.144985348 0.052195944 0.056859344 -0.008223183 0.013891658 0.030978832 0.999389708
1341845843.339844 -0.143888295 0.056103233 0.064645588 -0.007642730 0.013502385 0.031775814 0.999374628
1341845843.407961 -0.143845201 0.074991681 0.063825518 -0.002446970 0.017074030 0.033569887 0.999287486
1341845843.469698 -0.138113514 0.089212999 0.061587110 -0.003667586 0.019214161 0.034941662 0.999197900
1341845843.501755 -0.150614306 0.096585937 0.058617335 -0.005338348 0.022789853 0.034057900 0.999145687
1341845843.537749 -0.155892789 0.095965274 0.062855199 -0.006699802 0.020904286 0.037402105 0.999059141
1341845843.601912 -0.153296024 0.116968974 0.064803727 -0.010314824 0.022018850 0.033596255 0.999139667
1341845843.637854 -0.150780365 0.121154025 0.068456434 -0.012724853 0.021173270 0.034561906 0.999097228
1341845843.669935 -0.141513377 0.121642217 0.078055918 -0.013347111 0.022494897 0.035066802 0.999042630
1341845843.705705 -0.144832790 0.133728653 0.075076438 -0.012192267 0.025697706 0.036953878 0.998912096
1341845843.738087 -0.147598252 0.135863185 0.075696543 -0.014214371 0.027879635 0.038213089 0.998779476
1341845843.769868 -0.144294053 0.139481783 0.075065590 -0.012866360 0.028439477 0.040381499 0.998696625
1341845843.805741 -0.141813770 0.146272570 0.073528707 -0.011052717 0.029726706 0.043694422 0.998541474
1341845843.837731 -0.141962796 0.157819748 0.077224940 -0.011225077 0.032409389 0.043251917 0.998475313
1341845843.869723 -0.139690131 0.156785518 0.079141721 -0.012462608 0.035355009 0.042161092 0.998407304
1341845843.905817 -0.138668180 0.158784270 0.075798631 -0.010043055 0.036028426 0.044947132 0.998288929
1341845843.937846 -0.134660408 0.164261967 0.065765910 -0.006388452 0.037771482 0.048460290 0.998090208
1341845843.973843 -0.132680342 0.171060055 0.072775036 -0.003588100 0.042625867 0.047726013 0.997944057
1341845844.005877 -0.137820989 0.173368961 0.076102339 -0.003282513 0.045810524 0.049781062 0.997703552
1341845844.037839 -0.140203878 0.177582964 0.078786656 -0.000802211 0.045133546 0.048823271 0.997786820
1341845844.073843 -0.135146335 0.188770622 0.077991977 -0.000838232 0.045917876 0.045165002 0.997923315
1341845844.105844 -0.135207504 0.184220880 0.072356544 -0.001590239 0.048823934 0.042273935 0.997911096
1341845844.137727 -0.139098376 0.190632507 0.080863945 -0.000383834 0.049653348 0.041896388 0.997887254
1341845844.173729 -0.134444773 0.194011763 0.080161512 0.001258053 0.049237210 0.041041579 0.997942686
1341845844.205772 -0.136597157 0.208786190 0.074969687 0.001003187 0.050376561 0.038582597 0.997984231
1341845844.241826 -0.136561841 0.198771447 0.083469450 -0.000947639 0.050100174 0.039778974 0.997951210
1341845844.273743 -0.132371545 0.208592206 0.079355843 0.006967037 0.048634458 0.042033043 0.997907460
1341845844.305737 -0.140581116 0.219362304 0.074853353 0.009487535 0.049986180 0.045661978 0.997660398
1341845844.341702 -0.137105718 0.234747097 0.060048081 0.007897420 0.049149748 0.045878787 0.997705877
1341845844.373700 -0.143818870 0.228553116 0.070595600 0.003514747 0.049594022 0.043449629 0.997817695
1341845844.409780 -0.142485186 0.238856360 0.075049743 0.002666772 0.048849430 0.045953732 0.997744918
1341845844.441868 -0.136578083 0.245901957 0.083324969 0.000614886 0.047546510 0.049544379 0.997639358
1341845844.473633 -0.133100733 0.250191629 0.083557740 -0.001684010 0.048224587 0.049861621 0.997589707
1341845844.509732 -0.136204898 0.264127672 0.084636509 -0.002033148 0.049721584 0.051670924 0.997423530
1341845844.541734 -0.144475028 0.274033368 0.080206715 -0.003686675 0.049934272 0.051657584 0.997408867
1341845844.573798 -0.139425099 0.278438181 0.084490776 -0.006676233 0.047813639 0.051714990 0.997494280
1341845844.609774 -0.142406002 0.277981132 0.082518131 -0.008677004 0.048449118 0.051783968 0.997444630
1341845844.641742 -0.144195437 0.275980771 0.089486890 -0.010169775 0.046276450 0.055614792 0.997327447
1341845844.677619 -0.145260409 0.288714588 0.083591387 -0.005425215 0.041349851 0.059137564 0.997378290
1341845844.709820 -0.145439878 0.306353539 0.076561362 -0.005157748 0.038952712 0.059028819 0.997482657
1341845844.741764 -0.151489943 0.302877724 0.082154848 -0.009180265 0.035947964 0.060560703 0.997474730
1341845844.778110 -0.153574437 0.314906746 0.086940870 -0.009522191 0.031685811 0.059427280 0.997684181
1341845844.811162 -0.159957275 0.309619099 0.092486411 -0.011455151 0.028283343 0.059567567 0.997757733
1341845844.842336 -0.160843149 0.325603604 0.090120003 -0.013223345 0.022332672 0.058996540 0.997920752
1341845844.883762 -0.164714769 0.323518544 0.095107533 -0.015767647 0.020817382 0.052759606 0.998265684
1341845844.947016 -0.173647970 0.328763187 0.095853865 -0.015261129 0.012661248 0.050768193 0.998513520
1341845844.977793 -0.164824620 0.344270319 0.090757221 -0.014352991 0.008991597 0.045126148 0.998837709
1341845845.009670 -0.168234199 0.336355418 0.101159126 -0.017381325 0.007742442 0.043635219 0.998866260
1341845845.045698 -0.174621448 0.340299666 0.095301852 -0.016200351 0.004003974 0.041553538 0.998996854
1341845845.077748 -0.166666254 0.354354888 0.100451514 -0.015543332 0.001083007 0.034008943 0.999300003
1341845845.109679 -0.165433720 0.356443942 0.104546778 -0.017459385 0.002110164 0.031174071 0.999359250
1341845845.145640 -0.162837282 0.353279293 0.104185037 -0.018716916 0.001471511 0.032416124 0.999298096
1341845845.177719 -0.158243939 0.363541514 0.096535660 -0.016857628 0.001073318 0.030787015 0.999383211
1341845845.213604 -0.156794533 0.371953458 0.097359322 -0.017100271 0.003643562 0.030237833 0.999389768
1341845845.245741 -0.146251038 0.371431381 0.107499495 -0.020063423 0.003341768 0.033267684 0.999239445
1341845845.277905 -0.146467954 0.373239338 0.106611378 -0.019069405 0.003937727 0.033416037 0.999251842
1341845845.314159 -0.148933411 0.383927196 0.101841383 -0.017671576 0.004036299 0.032519069 0.999306738
1341845845.345748 -0.150698155 0.390773952 0.105423070 -0.018921442 0.004713078 0.030995077 0.999329269
1341845845.381704 -0.150314555 0.392204732 0.102594137 -0.020560214 0.003932574 0.031157287 0.999295235
1341845845.413648 -0.150093779 0.396718502 0.105879001 -0.021246331 0.002255315 0.031637579 0.999270976
1341845845.445777 -0.149319023 0.408335805 0.105214737 -0.020221375 0.000226314 0.030769246 0.999321938
1341845845.481809 -0.163075805 0.407011390 0.101855606 -0.026504856 0.002213411 0.022905234 0.999383748
1341845845.514332 -0.154824764 0.412227988 0.109138198 -0.026781324 -0.000500748 0.023427911 0.999366641
1341845845.545717 -0.157618508 0.420056432 0.103621297 -0.027091851 -0.002285058 0.024415800 0.999332130
1341845845.581658 -0.154997095 0.437472224 0.107217036 -0.027260348 -0.004602087 0.022218160 0.999370813
1341845845.613959 -0.158992842 0.446772814 0.100386634 -0.030034980 -0.002326961 0.018588509 0.999373257
1341845845.649696 -0.150472566 0.442313403 0.106143259 -0.033861980 -0.004399507 0.021893147 0.999176979
1341845845.682034 -0.144178212 0.453655601 0.108439982 -0.031529322 -0.008513163 0.025277784 0.999146819
1341845845.714232 -0.136738867 0.458919734 0.099795014 -0.032260492 -0.010185733 0.026260711 0.999082506
1341845845.751971 -0.146560773 0.466415524 0.108600557 -0.037293509 -0.007254151 0.021260621 0.999051809
1341845845.787747 -0.149725378 0.460690558 0.110602461 -0.040218603 -0.006293009 0.018283835 0.999003768
1341845845.820616 -0.148324668 0.466300637 0.110112458 -0.039855774 -0.007382481 0.020533044 0.998967171
1341845845.887653 -0.152807415 0.483951181 0.109696344 -0.040604688 -0.004975528 0.015486653 0.999042869
1341845845.949895 -0.144098729 0.495209932 0.113437891 -0.039866060 -0.004039018 0.017342288 0.999046326
1341845845.981855 -0.151202559 0.501180291 0.105994649 -0.040860910 -0.000574432 0.017727403 0.999007404
1341845846.017822 -0.140757859 0.489766061 0.116833963 -0.045305736 -0.002125340 0.019363008 0.998783171
1341845846.049788 -0.151256070 0.497980893 0.113312252 -0.042476997 0.000767611 0.018509004 0.998925686
1341845846.081697 -0.154366955 0.500673294 0.106480569 -0.043116674 0.000748901 0.019058609 0.998887956
1341845846.117753 -0.148007229 0.507270157 0.110928565 -0.044571705 -0.001378516 0.018583445 0.998832345
1341845846.149729 -0.148457974 0.512387931 0.113526292 -0.044853389 -0.002203249 0.019842640 0.998794079
1341845846.185551 -0.142818183 0.521445632 0.114022844 -0.045852717 -0.004809206 0.023355573 0.998663545
1341845846.217670 -0.148831129 0.530993342 0.107145101 -0.045827396 -0.003011722 0.022876842 0.998682857
1341845846.249670 -0.151299641 0.543067455 0.107477233 -0.048230458 -0.002441240 0.024354206 0.998536289
1341845846.285621 -0.158164844 0.542104363 0.102131471 -0.050836783 -0.001639229 0.025354475 0.998383701
1341845846.318706 -0.151883185 0.562026978 0.102066733 -0.050215404 -0.001404198 0.023528231 0.998460233
1341845846.349746 -0.157678723 0.550293863 0.108165264 -0.056634560 -0.000060772 0.024434047 0.998095930
1341845846.385823 -0.155746579 0.561450839 0.103165202 -0.057296403 -0.000594193 0.028002756 0.997964203
1341845846.417804 -0.147335410 0.560694933 0.099493064 -0.061099574 -0.000708144 0.027982151 0.997739136
1341845846.453757 -0.155665755 0.558387280 0.098395742 -0.065155707 0.001410053 0.030698370 0.997401774
1341845846.485915 -0.144226968 0.568635702 0.100547999 -0.066373110 -0.001923014 0.032083530 0.997277081
1341845846.517804 -0.160884738 0.562643230 0.084160261 -0.069872670 0.004358034 0.029650796 0.997105658
1341845846.553866 -0.150401264 0.565184295 0.096871525 -0.074866407 0.003085598 0.031094257 0.996703863
1341845846.585802 -0.136766925 0.570642829 0.106083795 -0.075728819 0.000044159 0.030973626 0.996647239
1341845846.621952 -0.153087690 0.584504724 0.093098946 -0.074364536 0.004895421 0.026235964 0.996873915
1341845846.653735 -0.136575684 0.575331509 0.100371875 -0.078728907 0.001391906 0.029557562 0.996456802
1341845846.687048 -0.135041371 0.579762220 0.096929699 -0.077869140 0.001789460 0.027142242 0.996592402
1341845846.721930 -0.136488646 0.571798861 0.096905932 -0.079466276 0.004075231 0.025761722 0.996496260
1341845846.755684 -0.141000882 0.565194547 0.096946321 -0.080278277 0.004569170 0.026133811 0.996419370
1341845846.785987 -0.135061651 0.572355390 0.103021011 -0.076617189 0.003731344 0.024192661 0.996760070
1341845846.821760 -0.135603607 0.570031404 0.099374674 -0.075415641 0.005616129 0.022518964 0.996882021
1341845846.853756 -0.132287875 0.554075122 0.109278835 -0.075987048 0.005302804 0.022316568 0.996844947
1341845846.889724 -0.132735908 0.537034035 0.105777845 -0.072337821 0.003595883 0.025834514 0.997039080
1341845846.921756 -0.131014690 0.540943086 0.102752611 -0.067153573 0.003825699 0.022733875 0.997476280
1341845846.953776 -0.135342166 0.526555657 0.100543179 -0.066866338 0.004793209 0.023170935 0.997481346
1341845846.989607 -0.118909240 0.520535469 0.118603773 -0.062214158 0.000272056 0.024232060 0.997768581
1341845847.021791 -0.127450973 0.500459731 0.101725653 -0.060542110 0.000570363 0.024527116 0.997864127
1341845847.053671 -0.137148663 0.504312992 0.104940891 -0.056858227 0.002059807 0.022357699 0.998129785
1341845847.089677 -0.142077759 0.483577013 0.097405374 -0.059472516 -0.000353031 0.023484843 0.997953534
1341845847.121825 -0.140720606 0.471796364 0.105603121 -0.052982654 -0.001981068 0.018228108 0.998427093
1341845847.157737 -0.139096081 0.472971022 0.101239406 -0.048839208 -0.001283829 0.019135941 0.998622537
1341845847.189613 -0.127827853 0.464715809 0.101990975 -0.045460373 -0.002532832 0.020975096 0.998742700
1341845847.221790 -0.123052835 0.460582167 0.107566729 -0.041295685 -0.001605261 0.021804880 0.998907745
1341845847.257718 -0.136612654 0.449402899 0.094409250 -0.039221369 0.003513520 0.022595268 0.998968840
1341845847.289652 -0.137000635 0.443331033 0.092792951 -0.036852282 0.003473046 0.024266325 0.999019980
1341845847.321777 -0.134175539 0.449491173 0.094730161 -0.031538941 0.004133119 0.020550704 0.999282658
1341845847.357899 -0.138964623 0.435036689 0.088760480 -0.030961236 0.006156229 0.020057730 0.999300361
1341845847.390176 -0.135126606 0.428432107 0.090530425 -0.029462274 0.005562233 0.019615704 0.999357939
1341845847.425786 -0.125572816 0.416854411 0.087743685 -0.029638547 0.005838529 0.017680010 0.999387264
1341845847.489945 -0.129828587 0.396329761 0.084355555 -0.028813381 0.006509698 0.018652681 0.999389529
1341845847.525805 -0.132998973 0.390616119 0.077517174 -0.029109536 0.005617536 0.017480033 0.999407589
1341845847.557741 -0.134045884 0.386020690 0.067473374 -0.032967720 0.003585025 0.011452531 0.999384403
1341845847.593782 -0.134143233 0.351218969 0.074932128 -0.040318202 0.001843247 0.009735233 0.999137759
1341845847.625656 -0.123311341 0.345170498 0.074238151 -0.036199912 -0.000190990 0.012471699 0.999266684
1341845847.657670 -0.130566314 0.341507196 0.066633627 -0.032993313 0.001188938 0.013255213 0.999366999
1341845847.693751 -0.127038121 0.335270107 0.063698456 -0.032499667 0.001025116 0.013694666 0.999377370
1341845847.725684 -0.132072538 0.324629694 0.057107087 -0.033077061 0.003321497 0.013036966 0.999362230
1341845847.757787 -0.132191643 0.317566425 0.057969261 -0.031804152 0.003623286 0.013886033 0.999391079
1341845847.793826 -0.132824928 0.311532915 0.048381604 -0.030710064 0.001725057 0.017874468 0.999366999
1341845847.825684 -0.133239299 0.303537190 0.047092386 -0.032035161 0.001436054 0.016741892 0.999345481
1341845847.861928 -0.134095371 0.296902865 0.044928595 -0.032155626 0.000292335 0.018068882 0.999319434
1341845847.893697 -0.137034178 0.282225370 0.038891256 -0.033619873 -0.001868555 0.020962182 0.999213040
1341845847.925644 -0.129939780 0.282982469 0.042264458 -0.029894585 -0.005058524 0.022332169 0.999290705
1341845847.961946 -0.135170013 0.275665194 0.041671399 -0.030847669 -0.002901583 0.021013534 0.999298990
1341845847.993685 -0.135043502 0.265783131 0.033940952 -0.030940339 -0.004018611 0.024176683 0.999220729
1341845848.025620 -0.131286368 0.261506200 0.036674596 -0.030407701 -0.006007347 0.025241561 0.999200761
1341845848.061715 -0.133431554 0.255749673 0.038923357 -0.029742280 -0.005612986 0.026017601 0.999203205
1341845848.093689 -0.135269731 0.253500670 0.025708452 -0.029525956 -0.006511311 0.026177239 0.999199986
1341845848.132119 -0.131532773 0.244038850 0.028397053 -0.030690083 -0.009840656 0.026576828 0.999127090
1341845848.167711 -0.126103774 0.242358103 0.032542091 -0.029916216 -0.010482240 0.023512663 0.999220848
1341845848.200502 -0.128486127 0.231304184 0.029992294 -0.031500868 -0.009701482 0.023985539 0.999168813
1341845848.232265 -0.130880937 0.223093241 0.023415918 -0.032033220 -0.011048097 0.022764850 0.999166429
1341845848.267873 -0.132075891 0.214572608 0.027790124 -0.031305227 -0.011257942 0.022999657 0.999181807
1341845848.301135 -0.137293398 0.217130259 0.015025982 -0.030702597 -0.009697069 0.021170469 0.999257267
1341845848.335735 -0.141995981 0.209676102 0.017569149 -0.035841890 -0.011257563 0.023615196 0.999014974
1341845848.367757 -0.135955140 0.197789744 0.017773360 -0.037605070 -0.013059278 0.021964122 0.998965919
1341845848.399644 -0.138641879 0.192105681 0.012639994 -0.037890665 -0.013597772 0.020766355 0.998973608
1341845848.435802 -0.148156092 0.186341345 0.002977433 -0.038859691 -0.016693112 0.022374997 0.998854637
1341845848.467705 -0.132299170 0.186342955 -0.001820713 -0.039405748 -0.019271936 0.021181088 0.998812854
1341845848.503759 -0.136916116 0.180710644 0.004504402 -0.040365085 -0.014944413 0.018359764 0.998904526
1341845848.536036 -0.142093375 0.169290423 0.004168091 -0.042141695 -0.015072927 0.021303300 0.998770773
1341845848.567958 -0.135308892 0.169808835 0.005496624 -0.041089930 -0.017460741 0.023058500 0.998736739
1341845848.603657 -0.133619666 0.171489805 0.002559635 -0.040797513 -0.016761774 0.021707144 0.998790979
1341845848.635797 -0.136358440 0.159990594 -0.001199658 -0.042936936 -0.017287288 0.022873035 0.998666346
1341845848.671815 -0.131652638 0.152790621 0.003471535 -0.042488728 -0.019164858 0.024562875 0.998611093
1341845848.703677 -0.127401784 0.150006846 0.004936264 -0.037057448 -0.018772552 0.025232576 0.998818159
1341845848.735781 -0.129605621 0.140545994 0.003527478 -0.034370270 -0.017242322 0.027583592 0.998879671
1341845848.771647 -0.131200910 0.142346948 -0.008268031 -0.031715181 -0.016672211 0.028772296 0.998943627
1341845848.803783 -0.126235291 0.134705052 -0.008154063 -0.030252768 -0.016459791 0.031540055 0.998908937
1341845848.839757 -0.125591546 0.146576732 -0.005588901 -0.029932197 -0.012976885 0.027865151 0.999079168
1341845848.871829 -0.124962568 0.137220249 -0.003823628 -0.035240579 -0.010896836 0.027212380 0.998948872
1341845848.903622 -0.113147117 0.121443242 0.003473886 -0.035862651 -0.009037184 0.029589027 0.998877704
1341845848.940608 -0.106294118 0.118073113 -0.005019298 -0.026906056 -0.003755709 0.032999348 0.999086082
1341845848.972843 -0.118829072 0.125834733 -0.001208062 -0.020036271 0.002307114 0.032966673 0.999252915
1341845849.008613 -0.118800983 0.126882926 0.004830304 -0.018546138 0.004130879 0.031220866 0.999331892
1341845849.072005 -0.120035805 0.127048627 0.018292338 -0.015386262 0.009159814 0.029128814 0.999415278
1341845849.133777 -0.118229553 0.131343558 0.020792183 -0.016540471 0.014740627 0.023163401 0.999486148
1341845849.165908 -0.118421540 0.132603332 0.051678479 -0.016746793 0.019341717 0.022724476 0.999414384
1341845849.201651 -0.117303863 0.127809405 0.060862813 -0.014814968 0.019390801 0.025805688 0.999369085
1341845849.233648 -0.115653083 0.131358579 0.051011711 -0.013844490 0.019604927 0.026173310 0.999369264
1341845849.265690 -0.120544836 0.139420658 0.057300292 -0.014377311 0.022630241 0.023306951 0.999368787
1341845849.301701 -0.125143722 0.135895103 0.071994081 -0.016903138 0.023048608 0.022553612 0.999336958
1341845849.333730 -0.121196069 0.133772418 0.076026045 -0.017761959 0.021081278 0.022829890 0.999359250
1341845849.369727 -0.123720638 0.138109103 0.080346338 -0.018540220 0.020655142 0.021818927 0.999376535
1341845849.401811 -0.120481282 0.136393502 0.097206257 -0.019359585 0.019539500 0.022290353 0.999373078
1341845849.433692 -0.119394720 0.139460161 0.103913195 -0.017310157 0.019702572 0.021825841 0.999417722
1341845849.469648 -0.128645942 0.139027700 0.104171745 -0.018281000 0.020913053 0.021354349 0.999386013
1341845849.501641 -0.119719245 0.136764362 0.125498027 -0.019115783 0.019292722 0.021519415 0.999399424
1341845849.533689 -0.120276898 0.140412286 0.131885603 -0.018528976 0.020340305 0.021274023 0.999395013
1341845849.569780 -0.121615589 0.148933262 0.142511040 -0.018774593 0.020895742 0.020769354 0.999389589
1341845849.601759 -0.122552320 0.138274252 0.149376720 -0.021797810 0.021053731 0.020183777 0.999336839
1341845849.637837 -0.123216026 0.138261765 0.157068491 -0.020836322 0.023816999 0.019489311 0.999309123
1341845849.669719 -0.128410921 0.140380457 0.163269937 -0.020044355 0.025850555 0.020004293 0.999264598
1341845849.701927 -0.123706758 0.143279493 0.174543276 -0.020324545 0.027160203 0.019129027 0.999241352
1341845849.737804 -0.128297284 0.142914653 0.186499238 -0.020437710 0.030713197 0.017882852 0.999159217
1341845849.769688 -0.136843488 0.141953319 0.192221820 -0.020682987 0.032291468 0.018456310 0.999094009
1341845849.805874 -0.140380040 0.142224550 0.201691672 -0.021093549 0.030608928 0.019862844 0.999111414
1341845849.838002 -0.134626240 0.142035767 0.216356784 -0.020789064 0.029609255 0.018870009 0.999167204
1341845849.873756 -0.133883446 0.146818206 0.223651022 -0.022819851 0.031171955 0.015659118 0.999130785
1341845849.905773 -0.137289867 0.143150732 0.241177455 -0.024552690 0.031028595 0.015711287 0.999093354
1341845849.942380 -0.128832877 0.140973136 0.248807043 -0.023126766 0.030829998 0.015622457 0.999134898
1341845849.969808 -0.129353836 0.144839585 0.249518424 -0.022952745 0.033771574 0.014751777 0.999057055
1341845850.006040 -0.133546278 0.144463897 0.260991961 -0.024309704 0.034541540 0.013325728 0.999018669
1341845850.038041 -0.132972375 0.140179768 0.268758804 -0.025113812 0.033693802 0.011197667 0.999053836
1341845850.073843 -0.134224504 0.139936745 0.277656645 -0.023881705 0.034286167 0.010268637 0.999073923
1341845850.137727 -0.141922012 0.152589887 0.294422954 -0.024417652 0.033527508 0.008745043 0.999101222
1341845850.173748 -0.138068631 0.146240726 0.302133203 -0.026898170 0.030574057 0.005356744 0.999156117
1341845850.205888 -0.138698280 0.143828660 0.306895375 -0.027361436 0.029243290 0.005358999 0.999183416
1341845850.242190 -0.141014919 0.146596894 0.316672176 -0.027488913 0.028436225 0.005656909 0.999201536
1341845850.276369 -0.139940634 0.143270940 0.323143423 -0.028563550 0.026424492 0.005449041 0.999227762
1341845850.311979 -0.140131980 0.147382632 0.329751402 -0.028872129 0.025392735 0.003826548 0.999253154
1341845850.343827 -0.140198395 0.149237216 0.336104870 -0.030679971 0.023961890 0.002143549 0.999239683
1341845850.380151 -0.135605022 0.144909039 0.346175700 -0.032820493 0.023198280 0.001657938 0.999190629
1341845850.412359 -0.133743137 0.143911690 0.352663606 -0.032001063 0.023927858 0.002180302 0.999198973
1341845850.447279 -0.131656870 0.145592734 0.361455202 -0.031434789 0.025048479 0.003917713 0.999184191
1341845850.511722 -0.125473231 0.144484907 0.372060567 -0.027303942 0.026966231 0.010267721 0.999210596
1341845850.573894 -0.128573120 0.142136753 0.379672021 -0.026080176 0.029636450 0.011225760 0.999157369
1341845850.609794 -0.126924470 0.144067079 0.382492185 -0.024017869 0.029838413 0.010540145 0.999210477
1341845850.641744 -0.127307549 0.143849298 0.388055831 -0.024281640 0.029183445 0.010344444 0.999225557
1341845850.673755 -0.127745345 0.144197956 0.393274397 -0.022587022 0.029251272 0.008276319 0.999282539
1341845850.709784 -0.123672806 0.145828396 0.400994539 -0.022102585 0.030272149 0.008046756 0.999264836
1341845850.741802 -0.128414452 0.140954956 0.407219470 -0.021836964 0.030084398 0.009370942 0.999264836
1341845850.777740 -0.124298058 0.145388708 0.407174170 -0.021042088 0.028715512 0.009077640 0.999324918
1341845850.841900 -0.124355115 0.148186132 0.414049715 -0.020512877 0.028934276 0.009117687 0.999329209
1341845850.877766 -0.122103482 0.146126479 0.420162827 -0.022079753 0.028016269 0.008211398 0.999329805
1341845850.909781 -0.120438740 0.146873698 0.427555323 -0.022407904 0.028862733 0.007819613 0.999301553
1341845850.941758 -0.122863695 0.148514763 0.429663748 -0.023351105 0.029741503 0.008052132 0.999252379
1341845850.977762 -0.121326275 0.146268338 0.439465195 -0.024216367 0.028692678 0.011539659 0.999228239
1341845851.009834 -0.118218154 0.151584268 0.443956882 -0.023445848 0.027530167 0.013365217 0.999256611
1341845851.045751 -0.119765826 0.151992813 0.457636267 -0.024880415 0.028266644 0.014389892 0.999187112
1341845851.077894 -0.119217366 0.152173296 0.473332286 -0.023813168 0.028738430 0.016172832 0.999172390
1341845851.109747 -0.119954154 0.159978002 0.470096648 -0.022371354 0.028376199 0.018038021 0.999184132
1341845851.145889 -0.120340399 0.164926469 0.478216708 -0.024489567 0.027175192 0.015852194 0.999204874
1341845851.177904 -0.116976269 0.161488339 0.486491174 -0.026854733 0.027562607 0.011713086 0.999190569
1341845851.209882 -0.119692363 0.164071560 0.493077725 -0.027720058 0.028415127 0.011565464 0.999144793
1341845851.251733 -0.126021117 0.162994891 0.498347133 -0.030567314 0.026199086 0.009873698 0.999140441
1341845851.313813 -0.117860958 0.162003919 0.508268118 -0.028029328 0.027267408 0.010596244 0.999178886
1341845851.345834 -0.124060586 0.159912542 0.515268803 -0.026948716 0.026252400 0.013136163 0.999205649
1341845851.377718 -0.120144941 0.164723679 0.518191874 -0.024201274 0.023699002 0.015247831 0.999309838
1341845851.413805 -0.122516990 0.175455764 0.519249976 -0.023170967 0.023467468 0.015011596 0.999343276
1341845851.445896 -0.126725659 0.168196037 0.526595354 -0.028001169 0.021484140 0.014006415 0.999278843
1341845851.478163 -0.125393420 0.167988703 0.529208243 -0.028070599 0.018372666 0.013632921 0.999344110
1341845851.514640 -0.120919175 0.174866199 0.528774679 -0.028543405 0.017829327 0.012853838 0.999350846
1341845851.546201 -0.123825058 0.174856216 0.537188113 -0.031269386 0.019003075 0.013362190 0.999240935
1341845851.581975 -0.116800226 0.170702636 0.545377314 -0.032470133 0.017937349 0.017526023 0.999158025
1341845851.616214 -0.114232793 0.172736436 0.545840979 -0.029415704 0.018515555 0.024249980 0.999101520
1341845851.681977 -0.117270574 0.172738284 0.551495492 -0.030483348 0.017116537 0.025324786 0.999067724
1341845851.714139 -0.116180919 0.175101221 0.554596841 -0.028893726 0.017883258 0.025498806 0.999097168
1341845851.745927 -0.122220166 0.174835488 0.547912955 -0.029806245 0.017155087 0.026326280 0.999061644
1341845851.781911 -0.115909047 0.174833879 0.571005940 -0.030483462 0.014110542 0.025047857 0.999121726
1341845851.813848 -0.109699182 0.173075646 0.565728307 -0.029954299 0.014751700 0.023506019 0.999165893
1341845851.849910 -0.112062700 0.174187094 0.568425059 -0.029768154 0.015187272 0.022024652 0.999198735
1341845851.881832 -0.112888023 0.168468565 0.579838991 -0.027856728 0.014822179 0.019112322 0.999319255
1341845851.913735 -0.109798796 0.178008407 0.568850279 -0.022810956 0.017274246 0.015538566 0.999469757
1341845851.949904 -0.111592203 0.170684963 0.568235636 -0.025982929 0.018862789 0.012125507 0.999410868
1341845851.982005 -0.107772857 0.169061989 0.575802088 -0.023362851 0.018835109 0.009960422 0.999499977
1341845852.017909 -0.104244135 0.173463792 0.567265749 -0.021935269 0.020814747 0.009556228 0.999496996
1341845852.050012 -0.102027409 0.175143287 0.565352619 -0.022255959 0.022971865 0.006522417 0.999467075
1341845852.082035 -0.101548359 0.169225290 0.563283265 -0.023239516 0.026588371 0.005996068 0.999358296
1341845852.121076 -0.097400121 0.172211573 0.558271706 -0.021898435 0.028701494 0.007055373 0.999323189
1341845852.163838 -0.091082774 0.171156898 0.554707468 -0.022919929 0.031159023 0.008302597 0.999217153
1341845852.190660 -0.094707668 0.170533106 0.552787006 -0.021795655 0.034188554 0.010320611 0.999124467
1341845852.223981 -0.097109519 0.168843791 0.548625410 -0.022337379 0.034936238 0.011657943 0.999071836
1341845852.286726 -0.098548755 0.173171088 0.535909891 -0.020260183 0.034131143 0.013666082 0.999118567
1341845852.349834 -0.100781396 0.164843366 0.525610805 -0.023225961 0.031672493 0.015005304 0.999115765
1341845852.385657 -0.102911726 0.161949202 0.515973747 -0.023339387 0.030195594 0.018348549 0.999103010
1341845852.417731 -0.100339264 0.163637951 0.506447375 -0.024565566 0.026726961 0.017433356 0.999188781
1341845852.449741 -0.101620451 0.157877743 0.504886150 -0.026405226 0.027365593 0.016102830 0.999146938
1341845852.485861 -0.104317650 0.162495047 0.498866528 -0.026223196 0.026189109 0.015096564 0.999198973
1341845852.517876 -0.102624677 0.160812482 0.495802015 -0.029014077 0.023022564 0.015183832 0.999198496
1341845852.553887 -0.108161181 0.160829231 0.495897561 -0.027492570 0.022112343 0.016917741 0.999234200
1341845852.617891 -0.118885562 0.164788276 0.481265008 -0.027781185 0.019963115 0.018428734 0.999244750
1341845852.653840 -0.118705146 0.165802091 0.476774246 -0.027684329 0.019005978 0.015668243 0.999313176
1341845852.685926 -0.120109223 0.163899198 0.468828470 -0.028980570 0.019258209 0.016345367 0.999260783
1341845852.717821 -0.119868927 0.161976025 0.463813424 -0.029518824 0.017366605 0.019727785 0.999218643
1341845852.753958 -0.120011389 0.165091962 0.455525964 -0.028966594 0.017445091 0.021377089 0.999199510
1341845852.785766 -0.123105898 0.166324198 0.445236444 -0.030033482 0.020498222 0.021218095 0.999113441
1341845852.822784 -0.128438711 0.162151396 0.433841020 -0.030850589 0.020180283 0.023391092 0.999046445
1341845852.885924 -0.127354637 0.160346344 0.422801077 -0.031204643 0.022172613 0.021715509 0.999031067
1341845852.921581 -0.133370012 0.164178029 0.414831549 -0.029908532 0.023454297 0.021620143 0.999043524
1341845852.953977 -0.133211941 0.162079737 0.405411661 -0.029268622 0.024967529 0.019373367 0.999071896
1341845852.989721 -0.139996871 0.168893442 0.398882687 -0.025531162 0.027245980 0.019187393 0.999118447
1341845853.021716 -0.148687184 0.169593647 0.383403212 -0.029438172 0.025797289 0.015180404 0.999118328
1341845853.053750 -0.143509299 0.164978638 0.381716907 -0.029900897 0.022513848 0.016383091 0.999164999
1341845853.089814 -0.149375945 0.171438292 0.364511460 -0.029238360 0.022752360 0.015263505 0.999196947
1341845853.121864 -0.151177511 0.167403817 0.357079625 -0.032340750 0.021176854 0.014064646 0.999153554
1341845853.159690 -0.148496345 0.166586265 0.362604856 -0.030970117 0.021081036 0.014927147 0.999186456
1341845853.195824 -0.152728632 0.170181990 0.350378782 -0.028622895 0.021506308 0.016243834 0.999226868
1341845853.227731 -0.152521417 0.165799245 0.338751584 -0.029471630 0.020284794 0.016112952 0.999229908
1341845853.263703 -0.152129382 0.159139588 0.336164087 -0.029250866 0.021013163 0.015702883 0.999227822
1341845853.296490 -0.158502191 0.159909397 0.318228334 -0.026615541 0.022897592 0.015243238 0.999267220
1341845853.327753 -0.164760619 0.165299982 0.321459770 -0.025265913 0.021741521 0.015879247 0.999318182
1341845853.363891 -0.159308404 0.162496448 0.310200721 -0.024835508 0.020261317 0.015658988 0.999363542
1341845853.395726 -0.160431147 0.165021211 0.293541342 -0.022615656 0.022437263 0.015061245 0.999378920
1341845853.463774 -0.167277887 0.161930665 0.285070449 -0.023439128 0.021502443 0.014279532 0.999391973
1341845853.525799 -0.175942659 0.165382445 0.264526665 -0.024340495 0.022317521 0.012467995 0.999376833
1341845853.557770 -0.172971785 0.160583824 0.261764467 -0.024081567 0.019615388 0.013081102 0.999431968
1341845853.589705 -0.175690860 0.164880022 0.248178214 -0.023113105 0.019512260 0.013942895 0.999445200
1341845853.625908 -0.180556729 0.162771404 0.231881231 -0.023353411 0.019598195 0.013991625 0.999437213
1341845853.657783 -0.176282108 0.163450181 0.230738461 -0.023707403 0.018156910 0.014893152 0.999443114
1341845853.689930 -0.176269755 0.162272885 0.212827742 -0.022055054 0.018659173 0.016061559 0.999453604
1341845853.725779 -0.186304033 0.163582429 0.201003879 -0.020929115 0.020653471 0.016596697 0.999429822
1341845853.757962 -0.188175023 0.162769794 0.194579288 -0.020895187 0.021196967 0.017300570 0.999407172
1341845853.793750 -0.188824058 0.160279408 0.184175715 -0.018973768 0.021316539 0.020835372 0.999375582
1341845853.825783 -0.192722201 0.162660986 0.173827618 -0.018611649 0.021736454 0.020040959 0.999389589
1341845853.857700 -0.204149514 0.161659449 0.161426470 -0.019367004 0.021713177 0.018890113 0.999398112
1341845853.893805 -0.207635835 0.159657255 0.151924551 -0.018273709 0.019609800 0.018782748 0.999464273
1341845853.925836 -0.196413815 0.173468992 0.160545796 -0.018364467 0.017899433 0.015835108 0.999545753
1341845853.957735 -0.205923021 0.170559973 0.163378507 -0.021330958 0.020033585 0.010133121 0.999520361
1341845853.993852 -0.209383026 0.167729855 0.143751875 -0.019685030 0.020219497 0.011459851 0.999536097
1341845854.025830 -0.203348741 0.175588086 0.150833189 -0.016917676 0.018602487 0.014822523 0.999573946
1341845854.061903 -0.199777588 0.184924752 0.137339056 -0.018818518 0.019502476 0.010638179 0.999576092
1341845854.093760 -0.207681030 0.173554242 0.147407413 -0.021546559 0.020964580 0.008158753 0.999514759
1341845854.125736 -0.219707191 0.178580716 0.125013083 -0.019107830 0.018851854 0.008661030 0.999602199
1341845854.161837 -0.215477884 0.186234921 0.111644648 -0.018960159 0.015967520 0.007924767 0.999661326
1341845854.193844 -0.208207354 0.183899134 0.113700733 -0.021648468 0.017212693 0.006195598 0.999598324
1341845854.229884 -0.234424680 0.180648521 0.090287365 -0.023909753 0.019745082 0.006394858 0.999498725
1341845854.261692 -0.222593918 0.191170096 0.097732171 -0.022955786 0.017011924 0.010481395 0.999536812
1341845854.293781 -0.211975172 0.191083729 0.095402911 -0.023337990 0.016536225 0.014760546 0.999481916
1341845854.330249 -0.214183643 0.196690410 0.087358028 -0.024440333 0.018709471 0.014323539 0.999423563
1341845854.361687 -0.220618367 0.193343505 0.080120333 -0.027793026 0.019355832 0.015349595 0.999308407
1341845854.393726 -0.216617972 0.188591897 0.080462396 -0.028067606 0.017689446 0.018623153 0.999275982
1341845854.429762 -0.214632004 0.193018615 0.074899010 -0.026931217 0.019477511 0.018262230 0.999280691
1341845854.462072 -0.220111921 0.185937449 0.068881780 -0.029345281 0.022817396 0.017977452 0.999147117
1341845854.497796 -0.222878560 0.182717115 0.077320211 -0.026848702 0.023813365 0.020083925 0.999153972
1341845854.529719 -0.219792888 0.187458813 0.069866039 -0.023351684 0.023296066 0.022580862 0.999200761
1341845854.561884 -0.219068512 0.192670465 0.068461046 -0.024841312 0.025033718 0.019671319 0.999184310
1341845854.597860 -0.226334810 0.186706692 0.063993908 -0.026320215 0.024292666 0.016404871 0.999223650
1341845854.629736 -0.225428164 0.186200261 0.057754952 -0.026415974 0.022086488 0.012454995 0.999329329
1341845854.662835 -0.227061689 0.182158127 0.055872817 -0.027053412 0.022077909 0.009957350 0.999340534
1341845854.697815 -0.227533609 0.176715761 0.061286792 -0.026503958 0.022010397 0.010674135 0.999349356
1341845854.729806 -0.222999558 0.174542904 0.057206947 -0.024027873 0.020937176 0.011693666 0.999423563
1341845854.765688 -0.222612321 0.178097352 0.047175862 -0.022146104 0.019720163 0.011426660 0.999494910
1341845854.797997 -0.222341493 0.179861695 0.043323200 -0.022324828 0.020950899 0.008149244 0.999498010
1341845854.829779 -0.227241635 0.177821025 0.039489985 -0.022636883 0.021313099 0.007144047 0.999490976
1341845854.865670 -0.225950003 0.177144065 0.034813229 -0.022083547 0.018482970 0.006476067 0.999564290
1341845854.897712 -0.219027683 0.182762995 0.036444180 -0.022656359 0.018890962 0.002813661 0.999560893
1341845854.930302 -0.219015628 0.168154702 0.016642939 -0.025723256 0.021149954 0.002726771 0.999441624
1341845854.965801 -0.226628199 0.171002150 0.011926732 -0.024693033 0.021455972 0.005137751 0.999451578
1341845854.997629 -0.221835569 0.170211881 0.003989373 -0.024926541 0.020600110 0.006169101 0.999457955
1341845855.033841 -0.224058181 0.171869352 0.009607705 -0.025854124 0.022970879 0.005925122 0.999384224
1341845855.065777 -0.232460231 0.175996929 -0.010369460 -0.025316237 0.023740893 0.008882770 0.999358058
1341845855.097795 -0.236513823 0.179660231 -0.019010907 -0.025323670 0.019796519 0.011070671 0.999422014
1341845855.133841 -0.227308512 0.174848542 -0.025320513 -0.027573878 0.017197527 0.010523447 0.999416471
1341845855.165831 -0.236823365 0.180709243 -0.021756165 -0.028226055 0.017272953 0.010054818 0.999401808
1341845855.201780 -0.248602346 0.179040760 -0.030523635 -0.029009648 0.014466882 0.010040969 0.999423981
1341845855.233747 -0.244766876 0.177960530 -0.018407641 -0.030219464 0.010317184 0.009750246 0.999442518
1341845855.265823 -0.237380132 0.175881684 -0.020213366 -0.030363772 0.009347346 0.009949951 0.999445677
1341845855.301716 -0.237849489 0.174824208 -0.031161955 -0.028578022 0.009598196 0.012290357 0.999469936
1341845855.333726 -0.239449427 0.176156074 -0.038018778 -0.025956996 0.008151261 0.016711641 0.999490142
1341845855.365773 -0.238974452 0.174139157 -0.043519866 -0.024813376 0.006215068 0.019399337 0.999484539
1341845855.401892 -0.238642916 0.169438288 -0.050975241 -0.025686916 0.006513838 0.020419745 0.999440253
1341845855.433652 -0.242728338 0.167548805 -0.052612826 -0.023983670 0.006897315 0.022613823 0.999432743
1341845855.469817 -0.244661272 0.167071626 -0.058636826 -0.022644917 0.005086586 0.024502529 0.999430299
1341845855.502750 -0.243590757 0.169566140 -0.064945862 -0.022138121 0.003231301 0.025089821 0.999434829
1341845855.533846 -0.245253533 0.168116406 -0.069740057 -0.021668149 0.003934057 0.022364771 0.999507308
1341845855.569986 -0.245641276 0.168634325 -0.066926427 -0.021762859 0.004306568 0.019681787 0.999560177
1341845855.601707 -0.251428932 0.158539742 -0.073652722 -0.021264402 0.003024983 0.018826358 0.999592066
1341845855.633953 -0.254983813 0.161871314 -0.070893265 -0.018261708 0.001750323 0.017727289 0.999674559
1341845855.669628 -0.253355503 0.168903977 -0.086890265 -0.018473003 0.001659733 0.015217762 0.999712169
1341845855.701786 -0.265848666 0.160832196 -0.079324342 -0.020879384 0.001168980 0.011725410 0.999712586
1341845855.737762 -0.254033029 0.155706048 -0.087013602 -0.019581059 -0.001920862 0.013535537 0.999714851
1341845855.769674 -0.256842375 0.161527276 -0.092727169 -0.018002888 -0.003645935 0.015056025 0.999717951
1341845855.802152 -0.255657166 0.164294779 -0.096948646 -0.018962346 -0.005588882 0.014314204 0.999702096
1341845855.837801 -0.256359190 0.155211806 -0.089879297 -0.020210274 -0.005593499 0.011970806 0.999708414
1341845855.869788 -0.256215036 0.157068953 -0.094973631 -0.018446114 -0.005477256 0.012019212 0.999742627
1341845855.901958 -0.257232428 0.159542173 -0.100922152 -0.018074578 -0.005269153 0.012874101 0.999739885
1341845855.937711 -0.253803611 0.156478226 -0.101911075 -0.018176431 -0.005482909 0.013065601 0.999734402
1341845855.969840 -0.253669202 0.158288181 -0.104542017 -0.017201930 -0.004230479 0.012595464 0.999763787
1341845856.038077 -0.252143323 0.154453903 -0.114062212 -0.017374095 -0.003166018 0.016011192 0.999715805
1341845856.069815 -0.250728399 0.159425512 -0.125480548 -0.015630297 -0.002345319 0.018021990 0.999712646
1341845856.105773 -0.257150292 0.167536318 -0.123718686 -0.017247654 -0.001118588 0.018550057 0.999678493
1341845856.137725 -0.260897189 0.164277941 -0.126620620 -0.020679083 -0.002053217 0.020927936 0.999564946
1341845856.169966 -0.246729434 0.171568751 -0.136168197 -0.021732612 -0.002816767 0.021355970 0.999531686
1341845856.205833 -0.253274798 0.174907401 -0.126964957 -0.025003472 -0.000783831 0.021266939 0.999460816
1341845856.237587 -0.254874080 0.166197345 -0.131344870 -0.026908090 -0.001428412 0.022930538 0.999373794
1341845856.273683 -0.250592679 0.167826980 -0.136077270 -0.027236763 -0.001848088 0.022956863 0.999363661
1341845856.305723 -0.253016502 0.167453945 -0.135683894 -0.028250704 -0.000064817 0.023998965 0.999312699
1341845856.337653 -0.257057130 0.171372712 -0.135310978 -0.028330533 0.000415292 0.024309795 0.999302864
1341845856.373714 -0.255381018 0.163333744 -0.142022461 -0.028284712 -0.000757040 0.026543701 0.999247074
1341845856.405678 -0.255134344 0.171512395 -0.147366464 -0.026494240 -0.001648146 0.026919052 0.999285042
1341845856.441799 -0.253732324 0.174033478 -0.150721356 -0.027486084 -0.001869832 0.024925474 0.999309599
1341845856.473680 -0.256700397 0.166783825 -0.152211964 -0.028825521 -0.002315951 0.023319285 0.999309719
1341845856.505768 -0.256908715 0.172204122 -0.151504710 -0.027920566 -0.003975036 0.022612823 0.999346435
1341845856.541718 -0.251816154 0.178421676 -0.156431749 -0.028810641 -0.003362070 0.021332486 0.999351561
1341845856.573678 -0.257239968 0.168257684 -0.154146969 -0.031040244 -0.001501039 0.021282306 0.999290407
1341845856.605758 -0.262374997 0.165638372 -0.157185286 -0.029621217 -0.002488991 0.023610352 0.999279201
1341845856.641782 -0.255188107 0.168362662 -0.159658954 -0.028775427 -0.002913690 0.024481831 0.999281824
1341845856.673977 -0.255840898 0.175921455 -0.159608558 -0.027122933 -0.000453649 0.023598230 0.999353409
1341845856.709876 -0.262372583 0.171465412 -0.156181887 -0.029870614 0.000298392 0.024956603 0.999242127
1341845856.741736 -0.257606775 0.163744345 -0.156491593 -0.028356684 -0.002060315 0.028056543 0.999201894
1341845856.773960 -0.254624069 0.178048685 -0.165743783 -0.024929389 -0.001029330 0.026279191 0.999343216
1341845856.809797 -0.266338915 0.181923568 -0.167174041 -0.028148949 0.001607061 0.024127267 0.999311209
1341845856.841746 -0.261730939 0.172629952 -0.165340796 -0.030111706 -0.000804050 0.023796953 0.999262929
1341845856.873762 -0.259159327 0.177252203 -0.169544548 -0.030157996 -0.000943110 0.023051264 0.999278903
1341845856.915904 -0.260554224 0.181008920 -0.174069658 -0.031868614 0.000391146 0.021948168 0.999251008
1341845856.977900 -0.257234424 0.174832344 -0.168649793 -0.035530742 0.000711983 0.024065755 0.999078512
1341845857.009735 -0.258697212 0.172731042 -0.171059743 -0.035129271 0.000939905 0.027096147 0.999014974
1341845857.041737 -0.253673881 0.176410139 -0.170996904 -0.033606250 0.000875139 0.029778907 0.998991013
1341845857.077896 -0.256135702 0.179791272 -0.178724155 -0.032557961 0.002265399 0.029791022 0.999023199
1341845857.109633 -0.258164614 0.183155611 -0.183907583 -0.033282332 0.002586249 0.027836269 0.999054909
1341845857.141583 -0.252675861 0.181017399 -0.181773633 -0.034870572 0.001833291 0.026478594 0.999039352
1341845857.178255 -0.248444825 0.181491330 -0.183572069 -0.034765948 0.003617676 0.022216698 0.999141991
1341845857.209846 -0.252398700 0.183121949 -0.192763433 -0.035618495 0.005562614 0.020913016 0.999131143
1341845857.245767 -0.250134975 0.172578409 -0.194104567 -0.037109863 0.004475354 0.021128228 0.999077797
1341845857.277737 -0.246901289 0.174934313 -0.196545213 -0.035150327 0.004495641 0.019467842 0.999182343
1341845857.309994 -0.246630222 0.173439071 -0.202097848 -0.034734152 0.005623410 0.020069117 0.999179244
1341845857.345862 -0.253211051 0.177530646 -0.208445624 -0.034225754 0.006664594 0.017251989 0.999242961
1341845857.377787 -0.250524789 0.167449221 -0.205929771 -0.035337515 0.005898887 0.018137753 0.999193430
1341845857.413693 -0.255080193 0.175174251 -0.214194506 -0.033442400 0.006136583 0.017279625 0.999272406
1341845857.445790 -0.256951720 0.175381988 -0.217124715 -0.035319310 0.005308219 0.017394094 0.999210596
1341845857.477853 -0.250983924 0.166413501 -0.213845044 -0.036711104 0.003586333 0.018562244 0.999147058
1341845857.513902 -0.247468129 0.175990090 -0.215259105 -0.034806274 0.003859656 0.017368462 0.999235690
1341845857.545992 -0.251092404 0.168117285 -0.214353308 -0.036347229 0.005064314 0.016621321 0.999188185
1341845857.613882 -0.239702776 0.165291831 -0.215239421 -0.033262208 0.006215633 0.017960427 0.999265909
1341845857.646056 -0.238899976 0.165472537 -0.215863198 -0.031274136 0.008187684 0.019514952 0.999286771
1341845857.681834 -0.235656217 0.165708616 -0.213079035 -0.030427756 0.009885977 0.021528233 0.999256194
1341845857.713765 -0.232943654 0.161633328 -0.226316780 -0.028748956 0.013663791 0.020013971 0.999292850
1341845857.745825 -0.229450792 0.160967484 -0.221400440 -0.026368294 0.016864982 0.020850243 0.999292552
1341845857.781799 -0.229852587 0.163212776 -0.224520758 -0.025042437 0.017583344 0.021414964 0.999302268
1341845857.813817 -0.221619427 0.161874861 -0.228737742 -0.025565803 0.018247254 0.020443900 0.999297440
1341845857.846046 -0.224358231 0.160767898 -0.234541982 -0.025688590 0.020499026 0.020321174 0.999253154
1341845857.881939 -0.225198612 0.171748027 -0.244842067 -0.025886977 0.021052577 0.020024924 0.999242544
1341845857.913666 -0.223257035 0.173039019 -0.250335902 -0.029925458 0.020515610 0.018166982 0.999176443
1341845857.949845 -0.227555871 0.165654182 -0.253653198 -0.033792280 0.019574590 0.016438527 0.999101937
1341845857.982166 -0.225349709 0.166562200 -0.255063087 -0.035650507 0.017181456 0.015690833 0.999093413
1341845858.013803 -0.223146409 0.159905419 -0.256262422 -0.037873466 0.014444318 0.017403509 0.999026597
1341845858.050247 -0.222742021 0.162459821 -0.262863189 -0.038233027 0.013076440 0.018330427 0.999015152
1341845858.081715 -0.228148192 0.172861710 -0.278836668 -0.040199444 0.013341083 0.016773975 0.998961806
1341845858.113782 -0.225880757 0.170258239 -0.267492056 -0.044694681 0.011329296 0.017510543 0.998782933
1341845858.149725 -0.223251790 0.171484008 -0.275821984 -0.047210615 0.009836681 0.017949920 0.998675227
1341845858.181831 -0.218227044 0.167232201 -0.268623412 -0.050636999 0.008549400 0.019705357 0.998486102
1341845858.217730 -0.224149689 0.164226517 -0.274787247 -0.051112670 0.006981830 0.021295257 0.998441398
1341845858.281842 -0.221698195 0.166510835 -0.278073967 -0.053909462 0.007157243 0.016503675 0.998383760
1341845858.317768 -0.222437531 0.163764879 -0.275185317 -0.054168507 0.004893729 0.017518306 0.998366117
1341845858.349904 -0.216834337 0.169094890 -0.275906861 -0.053109761 0.002165882 0.016200256 0.998454869
1341845858.381855 -0.212758809 0.169540867 -0.277605921 -0.053319614 0.002382954 0.014354908 0.998471498
1341845858.417827 -0.216746300 0.164011136 -0.277003318 -0.053556148 0.004497385 0.014920424 0.998443246
1341845858.449872 -0.221963376 0.167042226 -0.282141656 -0.051178634 0.003932151 0.014351279 0.998578668
1341845858.485842 -0.218116134 0.170423523 -0.285125017 -0.050737850 0.002398963 0.012858427 0.998626351
1341845858.517682 -0.217502251 0.165878043 -0.284017712 -0.051482458 0.002051649 0.011275876 0.998608112
1341845858.549803 -0.214519680 0.166789085 -0.281916499 -0.050647236 0.000925413 0.010931170 0.998656332
1341845858.585823 -0.217691183 0.167389348 -0.287205875 -0.049961068 0.000061990 0.010599603 0.998694956
1341845858.618138 -0.211979061 0.175383449 -0.284022748 -0.049958475 0.000318419 0.007724857 0.998721361
1341845858.654134 -0.217880756 0.168358430 -0.289375156 -0.052017290 0.001756957 0.007433848 0.998616993
1341845858.685756 -0.219778076 0.164814726 -0.294704258 -0.052475080 0.000554765 0.010411056 0.998567820
1341845858.717690 -0.209182367 0.169460103 -0.289677918 -0.051822945 -0.000281321 0.010119848 0.998604953
1341845858.753674 -0.210583761 0.176308528 -0.297626704 -0.052431438 0.002605650 0.007385214 0.998593807
1341845858.785618 -0.214764774 0.166227862 -0.298134714 -0.056778643 0.003887961 0.008202359 0.998345494
1341845858.817756 -0.209303528 0.159347668 -0.293527097 -0.056566108 0.002105430 0.011560428 0.998329699
1341845858.853864 -0.208016664 0.167930335 -0.298962355 -0.054324485 0.003140047 0.009854655 0.998469770
1341845858.885702 -0.212681651 0.172644198 -0.300858587 -0.055516381 0.004980847 0.008057715 0.998412848
1341845858.922000 -0.206158325 0.161029607 -0.297043025 -0.058002550 0.004170194 0.008261804 0.998273551
1341845858.954158 -0.204963908 0.159666345 -0.300107688 -0.056829300 0.004090141 0.007030195 0.998350799
1341845858.985944 -0.199746013 0.165840387 -0.303409874 -0.056443233 0.005618047 0.005797416 0.998373151
1341845859.021830 -0.207760066 0.172505975 -0.312358409 -0.058346227 0.007592309 0.003865162 0.998260081
1341845859.053720 -0.200956732 0.165347755 -0.304181069 -0.061390534 0.006919732 0.003348051 0.998084188
1341845859.085862 -0.198392510 0.160436153 -0.308833092 -0.062758125 0.007442132 0.003718031 0.997994065
1341845859.121873 -0.202073470 0.169984370 -0.311160058 -0.063478351 0.009313587 0.002744449 0.997936010
1341845859.153800 -0.197736502 0.158899441 -0.311277926 -0.066896409 0.009343017 0.003143334 0.997711241
1341845859.189853 -0.196739256 0.160883591 -0.308940798 -0.066393189 0.009702025 0.002437516 0.997743368
1341845859.221654 -0.195726007 0.161358282 -0.309846610 -0.066763982 0.010333548 0.001092271 0.997714698
1341845859.253689 -0.194704086 0.167134568 -0.313951612 -0.067418553 0.011781312 -0.003795946 0.997648001
1341845859.289745 -0.191129744 0.162412047 -0.316352099 -0.070083335 0.012611363 -0.005143437 0.997448206
1341845859.321911 -0.187438279 0.154231831 -0.312023222 -0.071719795 0.012073860 -0.006328759 0.997331679
1341845859.353758 -0.186032355 0.158407345 -0.310024142 -0.070648581 0.013521393 -0.007643555 0.997380316
1341845859.389950 -0.185681075 0.155166894 -0.314572036 -0.070410155 0.015659496 -0.008819452 0.997356236
1341845859.421715 -0.184788182 0.157518759 -0.315121531 -0.070069186 0.017188860 -0.010226022 0.997341573
1341845859.457807 -0.186183006 0.154315278 -0.315617442 -0.070490293 0.019819628 -0.012243917 0.997240365
1341845859.489859 -0.190866098 0.152516365 -0.316149086 -0.070631236 0.021788456 -0.014138145 0.997164309
1341845859.521735 -0.187089384 0.145118177 -0.320755512 -0.071102686 0.022428695 -0.013543999 0.997124851
1341845859.557712 -0.181056783 0.147391960 -0.323938578 -0.068745688 0.023486046 -0.013637049 0.997264504
1341845859.589783 -0.183434457 0.146217808 -0.325232327 -0.069212198 0.025692835 -0.015607911 0.997148871
1341845859.625646 -0.177021578 0.139748648 -0.323941350 -0.070031308 0.027285101 -0.015304955 0.997054100
1341845859.657759 -0.176918685 0.144708112 -0.332536250 -0.068176620 0.030932415 -0.016109835 0.997063458
1341845859.689869 -0.182853311 0.147299007 -0.324017227 -0.067835502 0.033743042 -0.013731902 0.997031212
1341845859.725812 -0.178911626 0.137376130 -0.323745549 -0.066210479 0.033706132 -0.010956007 0.997175992
1341845859.757824 -0.170989022 0.142316937 -0.340407550 -0.063192382 0.034760863 -0.010503775 0.997340500
1341845859.789818 -0.179621220 0.137829110 -0.327837527 -0.062338963 0.038086254 -0.010176484 0.997276187
1341845859.825831 -0.181162849 0.136254936 -0.328097492 -0.059109822 0.038091384 -0.008897609 0.997484803
1341845859.857647 -0.172569305 0.135996059 -0.342859685 -0.055953443 0.037356950 -0.007477833 0.997706234
1341845859.893646 -0.168624327 0.141115025 -0.349573284 -0.054766119 0.038005341 -0.008111253 0.997742653
1341845859.925740 -0.172540352 0.144014955 -0.344316185 -0.054852385 0.038611647 -0.010051006 0.997696996
1341845859.957775 -0.173905924 0.137646362 -0.339981586 -0.054987665 0.037648372 -0.011268270 0.997713387
1341845859.993847 -0.178220853 0.135573030 -0.337423444 -0.052071664 0.036096718 -0.012769133 0.997909009
1341845860.025774 -0.176094800 0.144374147 -0.337925464 -0.049784105 0.034576923 -0.013704699 0.998067200
1341845860.057745 -0.179689676 0.138772801 -0.352687329 -0.049440533 0.031116093 -0.014635909 0.998184979
1341845860.093794 -0.176870003 0.138372049 -0.349374950 -0.048597831 0.026848774 -0.015143263 0.998342633
1341845860.125763 -0.177822694 0.131037086 -0.345110357 -0.047105350 0.024671825 -0.017125370 0.998438358
1341845860.161703 -0.183962077 0.135728955 -0.356148839 -0.045497168 0.022774935 -0.017793888 0.998546243
1341845860.193724 -0.176733628 0.126754045 -0.352003127 -0.045069721 0.016799297 -0.019585844 0.998650491
1341845860.225730 -0.182990134 0.132959142 -0.340079755 -0.041340947 0.013764410 -0.021878153 0.998810649
1341845860.261716 -0.184190050 0.131390408 -0.352390856 -0.039836284 0.011597880 -0.024196394 0.998845875
1341845860.294553 -0.198888406 0.119687937 -0.350241959 -0.038588330 0.008315993 -0.027173424 0.998851061
1341845860.325872 -0.187998176 0.125978842 -0.349686116 -0.034116324 0.001970824 -0.026803894 0.999056458
1341845860.361673 -0.176922351 0.122022271 -0.360601753 -0.032984793 -0.000940390 -0.028847836 0.999038994
1341845860.393714 -0.182231992 0.123128705 -0.359310955 -0.030450949 -0.003543680 -0.028075648 0.999135613
1341845860.429768 -0.177774325 0.133416116 -0.364536762 -0.028932193 -0.007561981 -0.028977772 0.999132633
1341845860.461780 -0.175909564 0.124657884 -0.372896105 -0.030258836 -0.010917034 -0.029361922 0.999051094
1341845860.493718 -0.177434012 0.131281197 -0.348237604 -0.029392727 -0.013205237 -0.028761592 0.999066830
1341845860.529831 -0.180639818 0.132304087 -0.363468438 -0.029213538 -0.014509314 -0.028652277 0.999057114
1341845860.567950 -0.176540434 0.141684830 -0.361186504 -0.029709633 -0.016595727 -0.028305205 0.999019921
1341845860.604131 -0.173354998 0.135188758 -0.359690219 -0.032477256 -0.017463082 -0.030083692 0.998867035
1341845860.638227 -0.183230221 0.134471312 -0.356147259 -0.033632252 -0.017432997 -0.030973533 0.998802125
1341845860.668441 -0.180653870 0.131303251 -0.354185462 -0.034387395 -0.019743593 -0.028083190 0.998818815
1341845860.706028 -0.176068872 0.128131136 -0.359606028 -0.033812009 -0.021850234 -0.026239976 0.998844743
1341845860.736338 -0.178003922 0.138967499 -0.369399160 -0.033083521 -0.022786317 -0.025412552 0.998869598
1341845860.772400 -0.178177580 0.133146986 -0.365469217 -0.035850570 -0.026327051 -0.024180701 0.998717666
1341845860.803824 -0.175725266 0.137590215 -0.366393745 -0.035949945 -0.029439123 -0.024905453 0.998609364
1341845860.871717 -0.176451385 0.133028373 -0.368052185 -0.039264768 -0.033001296 -0.023644274 0.998403788
1341845860.929775 -0.173216671 0.140631124 -0.372273892 -0.038468536 -0.035403669 -0.027337272 0.998258173
1341845860.965899 -0.178492427 0.132134572 -0.368729830 -0.039906636 -0.036117461 -0.028024405 0.998157084
1341845860.997827 -0.176778466 0.131498381 -0.367317021 -0.038741525 -0.037859827 -0.027565833 0.998151243
1341845861.029961 -0.174038127 0.135682032 -0.362335414 -0.036874164 -0.039082993 -0.027517196 0.998176157
1341845861.065806 -0.173039660 0.140463337 -0.364159435 -0.037311554 -0.038439691 -0.029408868 0.998130977
1341845861.097631 -0.175695941 0.134479165 -0.364024609 -0.037270308 -0.037932903 -0.030106207 0.998131037
1341845861.133786 -0.173192874 0.141801611 -0.356627613 -0.036014359 -0.037438635 -0.030398993 0.998186946
1341845861.165622 -0.175953075 0.144003615 -0.353447944 -0.036943417 -0.036172576 -0.031265855 0.998172939
1341845861.197704 -0.173526436 0.140175194 -0.346494198 -0.037165239 -0.035550706 -0.029473189 0.998241544
1341845861.233683 -0.175227031 0.140735701 -0.350513965 -0.036032833 -0.034026671 -0.031148160 0.998285294
1341845861.265692 -0.176618204 0.136392891 -0.346292615 -0.036471684 -0.033285696 -0.029481122 0.998345017
1341845861.297700 -0.177362621 0.138805106 -0.352852464 -0.035545211 -0.033366214 -0.028603006 0.998401284
1341845861.333616 -0.170671433 0.143319607 -0.340860963 -0.036224958 -0.032704569 -0.029388387 0.998375893
1341845861.365694 -0.176055312 0.131110460 -0.347847015 -0.037318513 -0.031450219 -0.028850259 0.998391628
1341845861.407792 -0.177367643 0.137171879 -0.352000415 -0.035104845 -0.032547813 -0.027367085 0.998478472
1341845861.440894 -0.174640968 0.133476764 -0.348177642 -0.035878465 -0.032637347 -0.027381932 0.998447657
1341845861.472256 -0.175100654 0.133740097 -0.344146132 -0.034688987 -0.032279372 -0.027544014 0.998496890
1341845861.507634 -0.173707336 0.135028586 -0.349862754 -0.034542140 -0.032595139 -0.028448859 0.998466313
1341845861.539675 -0.174122781 0.128600061 -0.350244164 -0.034627974 -0.033127714 -0.028809464 0.998435497
1341845861.571790 -0.170642540 0.132654130 -0.346467435 -0.033458803 -0.033004560 -0.028961217 0.998475075
1341845861.607759 -0.171695083 0.130338818 -0.348743498 -0.034083545 -0.032616444 -0.029149665 0.998461187
1341845861.639739 -0.172962844 0.126888752 -0.337306410 -0.033626530 -0.032806750 -0.029284004 0.998466551
1341845861.671875 -0.169399053 0.131021991 -0.333364278 -0.031671856 -0.032726560 -0.028661015 0.998551130
1341845861.707829 -0.173254758 0.123954415 -0.340139627 -0.030801740 -0.032106686 -0.029324967 0.998579204
1341845861.739782 -0.165107682 0.126634508 -0.346056670 -0.029020164 -0.032327369 -0.033521958 0.998493433
1341845861.775717 -0.161408886 0.127547801 -0.345614195 -0.030229252 -0.030874502 -0.038109079 0.998338938
1341845861.807676 -0.166159317 0.117696941 -0.338762790 -0.031279471 -0.030505160 -0.038583178 0.998299778
1341845861.839701 -0.166988164 0.118853450 -0.338920444 -0.029305097 -0.032250565 -0.036879081 0.998369217
1341845861.875772 -0.164639771 0.121011414 -0.339611739 -0.028817017 -0.033530429 -0.036562841 0.998352885
1341845861.907742 -0.159111068 0.124082200 -0.330789626 -0.028212922 -0.034340803 -0.035392910 0.998384774
1341845861.939697 -0.161588714 0.119617246 -0.333920598 -0.028433649 -0.034364115 -0.034385227 0.998412907
1341845861.975661 -0.161732644 0.123046495 -0.331912369 -0.027662201 -0.035784617 -0.035039902 0.998361886
1341845862.007930 -0.148953095 0.125621140 -0.330676258 -0.028088499 -0.036106918 -0.036725398 0.998277783
1341845862.039647 -0.156843960 0.115803190 -0.323278397 -0.028104085 -0.034567572 -0.035467524 0.998377323
1341845862.075738 -0.154827908 0.116126008 -0.325287700 -0.025514033 -0.033914048 -0.033790909 0.998527467
1341845862.107644 -0.150991052 0.121599719 -0.341964036 -0.023324646 -0.031979747 -0.035658084 0.998579860
1341845862.143904 -0.146630988 0.130351380 -0.343806207 -0.023879176 -0.028676253 -0.038680904 0.998554587
1341845862.175702 -0.149090514 0.123455361 -0.338570207 -0.027141390 -0.027078645 -0.038438983 0.998525202
1341845862.207672 -0.149232671 0.128576890 -0.345866859 -0.028401019 -0.026261430 -0.040003642 0.998450518
1341845862.243827 -0.149283648 0.140342847 -0.335242093 -0.030966768 -0.023720188 -0.042842314 0.998320103
1341845862.275754 -0.156254455 0.126826614 -0.329984188 -0.035987522 -0.022783056 -0.040741466 0.998261511
1341845862.311739 -0.151186526 0.117439069 -0.331665337 -0.036456317 -0.024197167 -0.037025806 0.998355925
1341845862.343750 -0.146018744 0.121084079 -0.325915337 -0.035061445 -0.023855973 -0.033934452 0.998523891
1341845862.375792 -0.143443540 0.122868858 -0.333328098 -0.034166511 -0.021168407 -0.031615328 0.998691618
1341845862.411748 -0.140088826 0.118811093 -0.315123409 -0.033499639 -0.018987738 -0.027966976 0.998866856
1341845862.443696 -0.135435730 0.119325563 -0.320949495 -0.030933294 -0.016318595 -0.024780925 0.999080896
1341845862.479688 -0.137696639 0.115079701 -0.319156677 -0.028851572 -0.013789649 -0.022690581 0.999230981
1341845862.511723 -0.135915786 0.125673026 -0.326019853 -0.027008656 -0.010993766 -0.023471849 0.999299109
1341845862.543776 -0.138743535 0.122943252 -0.328002393 -0.028203785 -0.008657548 -0.024690047 0.999259710
1341845862.579869 -0.142465308 0.118115410 -0.328847170 -0.027718805 -0.007725047 -0.023030493 0.999320567
1341845862.611759 -0.133262604 0.125625297 -0.326918066 -0.026378825 -0.007056279 -0.022817096 0.999366701
1341845862.647939 -0.135284632 0.130803496 -0.328733683 -0.026181325 -0.004710319 -0.023429258 0.999371529
1341845862.679727 -0.137797847 0.122753896 -0.331829667 -0.027480483 -0.002822011 -0.023453165 0.999343216
1341845862.712299 -0.133101344 0.124383770 -0.331310064 -0.026298687 -0.002464501 -0.021924272 0.999410629
1341845862.747743 -0.128934518 0.127208754 -0.328982592 -0.026021913 -0.000801991 -0.023017764 0.999396026
1341845862.779732 -0.136821300 0.123295948 -0.321872771 -0.025560971 0.002046566 -0.024490751 0.999371111
1341845862.815767 -0.139657989 0.123223394 -0.328636050 -0.023922652 0.002070299 -0.025361247 0.999389887
1341845862.847856 -0.139903605 0.123758294 -0.328850538 -0.023602601 0.001341517 -0.025568452 0.999393523
1341845862.879714 -0.144260541 0.125517324 -0.326375365 -0.023053288 0.000860711 -0.026373954 0.999385893
1341845862.915725 -0.142308190 0.124525838 -0.330565274 -0.022872288 -0.000743850 -0.026074924 0.999397993
1341845862.947913 -0.136563644 0.118663363 -0.325334966 -0.022439813 -0.001222030 -0.025652003 0.999418318
1341845862.983749 -0.134446070 0.124375716 -0.333022803 -0.020352054 0.000015991 -0.025687944 0.999462783
1341845863.015854 -0.140120611 0.131141499 -0.333745420 -0.020595364 0.001822798 -0.025619423 0.999457955
1341845863.048281 -0.143067196 0.122843362 -0.326321006 -0.021659207 0.001249341 -0.026041012 0.999425411
1341845863.083795 -0.140973479 0.130401015 -0.327863902 -0.020029407 0.001644179 -0.028005281 0.999405742
1341845863.115808 -0.143544346 0.128365159 -0.334366441 -0.021438351 0.001932378 -0.027836116 0.999380708
1341845863.151916 -0.148544729 0.127934560 -0.322296411 -0.021027146 0.000910832 -0.027192988 0.999408603
1341845863.183716 -0.145737261 0.131389380 -0.327559948 -0.020025490 0.000247805 -0.026219616 0.999455571
1341845863.215844 -0.145462275 0.132912740 -0.330770761 -0.020351060 0.000288775 -0.026458964 0.999442697
1341845863.251883 -0.142307922 0.131937444 -0.329558104 -0.021205813 0.000488814 -0.027407972 0.999399245
1341845863.283627 -0.143339023 0.129375100 -0.329905331 -0.022098154 0.000986756 -0.027004639 0.999390543
1341845863.315718 -0.145076364 0.132117048 -0.331374973 -0.021735942 0.001210669 -0.026824417 0.999403119
